Revenue,Profit Margin,returnOnEquity,Book Value per Share,Operating Cash Flow,Class
5727000000.0,0.066,0.2041,6.706,634100000.0,1
4551600000.0,-0.021,-0.1154,2.211,536500000.0,1
2464867000.0,0.196,0.3189,3.02,597491000.0,1
3297600000.0,0.126,0.1969,7.779,540300000.0,1
597381000.0,0.122,0.1289,10.909,111582000.0,1
5124755000.0,0.024,0.139,15.44,198334000.0,0
2967424000.0,0.036,0.1571,4.577,181218000.0,0
1372316000.0,-0.081,-0.0634,12.515999999999998,491043000.0,1
2655006000.0,0.096,0.3384,8.355,303785000.0,0
554695000.0,0.051,0.0779499999999999,10.419,108329000.0,1
722966000.0,0.015,0.0144,6.322,120151000.0,1
313403000.0,0.073,0.2268,6.031000000000001,15812000.0,1
1138887000.0,0.1889999999999999,0.2103,6.574,361345000.0,1
4243200000.0,0.096,0.2258,14.011,503600000.0,1
2107822000.0,0.062,0.0802,16.572,184768000.0,0
832709000.0,0.017,0.0968,5.957999999999999,9797000.0,0
233391000.0,0.077,0.2559,3.528,13506000.0,1
540718000.0,0.036,0.0779499999999999,10.419,19713000.0,0
4461987000.0,-0.021,-0.1073,-0.4029999999999999,289351000.0,0
499261000.0,0.059,0.077,12.352,36613000.0,0
5668000000.0,0.063,0.1631,29.579,731000000.0,1
2774845000.0,0.09,0.2774,38.921,306467000.0,0
691055000.0,0.161,0.2341,10.458,166996000.0,0
2142261578.9109,0.0002,0.1178,9.1621,286558301.3966,1
1440907000.0,0.076,0.1839,12.347,123920000.0,1
566019178.7558,-0.0285,-0.1463,17.4249,142980083.5997,1
3927500000.0,0.036,0.0815,31.231,230700000.0,1
2569495000.0,0.074,0.2007,15.954,-56464000.0,0
2517567000.0,0.037,0.1694,18.431,137275000.0,0
1604000000.0,0.0056109725685786,0.0779499999999999,10.419,-28000000.0,1
855892000.0,0.006,0.0641,3.567,81871000.0,0
1317153000.0,0.065,0.0838,32.164,154165000.0,1
782510000.0,0.0,0.0005,11.38,24547000.0,1
864844000.0,-0.012,-0.0501,4.734,31198000.0,0
135121246.3675,0.051,0.0779499999999999,10.419,28308524.3784,0
1923371000.0,0.07,0.0874,24.15,265561000.0,0
378393000.0,0.005,0.0153,5.406000000000001,27056000.0,0
1604357000.0,0.005,0.0182,9.917,126467000.0,1
1041075000.0,0.072,0.1419,19.388,129091000.0,1
903007000.0,0.1,0.2081,33.632,141211000.0,0
2776683000.0,0.02,0.0644,31.406,123110000.0,0
501867000.0,0.054,0.1786,8.139,30998000.0,0
350020000.0,0.1169999999999999,0.1745,13.494000000000002,61030000.0,0
2789936.0,0.051,0.0779499999999999,10.419,-268520.0,1
3835985953.0,0.013,0.1344,16.81,154348781.0,1
543525000.0,0.1159999999999999,0.0916,10.147,88769000.0,1
4540071000.0,0.024,0.1366,27.789,-10071000.0,0
1518636000.0,0.003,0.0216,16.589000000000002,52447000.0,1
1941000000.0,0.021,-0.0635,-12.300999999999998,174000000.0,0
919553000.0,0.021,0.0371,13.567,122873000.0,0
74565581.6951,0.049,0.2526,10.419,24072188.205,1
919451000.0,0.078,0.1277,30.118,107096000.0,1
205165000.0,0.088,0.1426,7.579,18124000.0,0
476813000.0,0.04,0.0943,7.626,21045000.0,0
103462000.0,0.063,0.0591,8.419,16092000.0,0
528380000.0,0.023,0.1056,7.22,52895000.0,1
200022000.0,0.015,0.0267,6.062,9911000.0,0
67508455.2846,-0.0037,-0.0372,18.302,-13925040.6504,0
547344368.0,0.055,0.1947,4.312,2998321.0,0
97196000.0,0.241,0.2379,2.819,44093000.0,0
1340208000.0,0.01,0.035,36.645,55628000.0,1
133401000.0,-0.033,-0.172,2.768,-4021000.0,1
51533643.0,0.0069999999999999,0.0072,4.4510000000000005,-17867038.0,1
134043000.0,0.04,0.2888,0.955,1902000.0,1
13449679.0,0.301,0.2748,3.2060000000000004,4480752.0,1
118960000.0,0.016,0.0438,2.735,5092000.0,0
107222306.0,0.045,0.1215,11.986,4649020.0,0
104003000.0,0.091,0.0587,22.063,25063000.0,0
28178000.0,-0.015,-0.0204,3.752,2149000.0,0
108169000.0,-0.057,0.0779499999999999,10.419,14202000.0,0
2833248813.2375,0.0064,0.1617,33.1166,338128577.2413,1
108863097.0,0.046,0.1931,4.061,30066.0,0
69279927.1734,-0.0401,-0.0229,4.5494,10414201.1834,1
190081000.0,0.034,0.207,11.782,9420000.0,0
520674000.0,0.026,0.1363,4.4,31749000.0,0
33926988.0,0.06,0.1022,2.247,1786353.0,0
43422000.0,-0.017,-0.2065,0.28,1016000.0,0
57344959.0,0.013,0.0426,9.394,-391724.0,0
39184807.0,0.0409999999999999,0.0902,2.695,5663917.0,0
1340000000.0,0.01044776119403,0.0779499999999999,10.419,58000000.0,1
22000000.0,-0.045454545454545,0.0779499999999999,10.419,-7000000.0,0
83564056.9395,0.0145,0.0488,7.5638,4995678.6985,0
15156159.0,0.143,0.102,4.369,3006548.0,1
1417079000.0,0.027,0.0785,4.993,191420000.0,0
1515000000.0,-0.0778877887788779,0.0779499999999999,10.419,219000000.0,0
1067899000.0,0.096,0.0194,36.958,283345000.0,0
2241200000.0,0.047,0.1043,12.892,159200000.0,0
1735646000.0,0.016,0.0033,4.146,696870000.0,0
620176000.0,0.322,0.0551,10.097,433913000.0,0
1931042000.0,0.065,0.1144,12.424,207680000.0,0
500781000.0,0.034,0.0128,3.952,83124000.0,0
1294300000.0,0.049,0.0983,11.802,208800000.0,0
876741000.0,0.139,0.301,7.517,171411000.0,0
2994169000.0,0.068,0.0491,31.771,261007000.0,1
1934800000.0,-0.039,-0.0676,7.907999999999999,-52900000.0,1
0.0,0.051,-0.016,6.025,-4565404.475,0
2301000000.0,0.074750108648414,0.0779499999999999,10.419,313000000.0,0
0.0,0.051,-0.0999,1.277,-9808000.0,1
386547000.0,0.318,0.0779499999999999,10.419,104265000.0,0
3573732000.0,0.022,0.1625,12.493,101843000.0,0
2014214000.0,0.118,0.1061,15.633,591044000.0,0
1447821000.0,0.051,0.0703,21.575,189188000.0,1
1886737699.2377,0.0062,0.1059,5.3261,351056826.0568,0
898396000.0,0.138,0.1494,16.938,170633000.0,0
4115073000.0,0.072,0.0952,16.28,587062000.0,0
56494000.0,0.204,0.0273,3.735,35224000.0,0
1674200000.0,0.0279999999999999,0.0616,16.392,93900000.0,0
442400000.0,0.241,0.0313,23.141,267000000.0,0
2104454000.0,0.024,0.0559,17.799,29734000.0,0
174006000.0,0.09,0.0572,2.151,60192000.0,0
507515000.0,0.129,0.0309,10.09,265263000.0,0
0.0,0.051,-0.0976,2.5780000000000003,-5037162.0,0
410389000.0,0.024,0.0103,12.546,127486000.0,0
3235611000.0,0.049,0.2,21.868,221550000.0,0
4376353000.0,0.067,0.2109,10.683,278149000.0,0
1282500000.0,0.17,0.3334,19.477,242900000.0,0
298634000.0,0.016,0.0185,9.201,-34095000.0,1
2066288000.0,-0.011,-0.0721,3.803,226727000.0,0
862087000.0,-0.095,-0.2113,12.465,32542000.0,1
987400000.0,0.012,0.0764,3.2510000000000003,15000000.0,0
495888000.0,0.039,0.0452,19.196,65037000.0,0
4258000000.0,-0.065,-0.1315,22.262,186000000.0,0
447402000.0,0.175,0.2443,9.19,76024000.0,0
408978000.0,0.0409999999999999,0.093,9.798,29232000.0,0
794300000.0,0.113,0.1834,16.172,165900000.0,1
1810342000.0,0.038,0.1067,15.025,99577000.0,0
1175112000.0,0.096,0.2578,6.827999999999999,144588000.0,0
0.0,0.051,0.0779499999999999,10.419,-424536.0,0
1837700000.0,-0.02,-0.0526,23.767,77386000.0,1
0.0,0.051,-0.0501,4.6919,-3660929.432,1
1126890000.0,0.037,0.0918,22.434,60281000.0,0
154068000.0,0.06,0.043,13.254,33054000.0,0
0.0,0.051,-0.1461,0.537,-6843578.0,0
2660329000.0,0.002,0.0079,9.907,73120000.0,1
0.0,0.051,-0.1831,0.5670000000000001,-4526691.0,1
3835500000.0,0.021,0.102,8.411,208400000.0,0
1651900000.0,0.06,0.127,6.739,87700000.0,0
237162000.0,0.264,0.0266,36.277,147202000.0,0
290136000.0,-0.011,-0.0117,11.402,29430000.0,0
391660000.0,0.106,0.3662,1.754,58642000.0,0
518020000.0,-0.012,0.1516,3.052,19602000.0,1
771445000.0,0.036,0.0786,12.502,52921000.0,1
356322000.0,0.124,0.2537,3.176,53518000.0,1
0.0,0.051,-0.059,2.333,-22842000.0,0
666045000.0,0.053,0.1256,34.322,64435000.0,0
424502000.0,0.037,0.0524,7.065,77991000.0,0
839186000.0,0.077,0.1389,21.284,126781000.0,0
353000000.0,-0.0028328611898017,0.0779499999999999,10.419,40000000.0,1
595384000.0,0.049,0.0695,11.337,20778000.0,1
115405000.0,0.13,0.1706,1.629,37653000.0,0
541383000.0,0.098,0.1348,12.748,85350000.0,0
289643000.0,0.054,0.1286,5.007,23205000.0,0
65493106.0,0.213,0.2357,1.416,2460362.0,0
1904600000.0,0.0279999999999999,0.1126,1.396,67300000.0,0
1967139000.0,-0.001,-0.0047,25.472,139100000.0,0
348263000.0,0.052,0.0992,17.299,34612000.0,0
1991811000.0,0.0,-0.0003,10.777,93301000.0,1
295134251.2909,-0.1351,-0.1276,1.8382,43519793.4596,0
47649000.0,0.0579999999999999,0.0723,2.0580000000000003,-879000.0,0
403298000.0,-0.044,-0.0728,25.816,35044000.0,0
382997000.0,0.114,0.2582,11.24,38730000.0,1
839700000.0,0.0819999999999999,0.238,17.408,94500000.0,1
197452000.0,0.048,0.2059,1.897,-4810000.0,1
0.0,0.051,-0.0414,0.831,-8034000.0,0
341838000.0,0.156,0.1482,8.28,51952000.0,1
765860000.0,0.074,0.158,26.94,54690000.0,0
53513000.0,0.111,0.1198,4.763,15584000.0,1
26826108.0,0.153,0.0897,5.135,7422912.0,0
416972818.7919,0.052,0.0968,7.8872,80666442.95300001,0
113660331.0,0.157,0.0573,8.065,46573777.0,1
123571455.0,0.031,0.0417,4.647,1804435.0,0
1809000000.0,-0.025428413488115,0.0779499999999999,10.419,81000000.0,1
116149022.0,0.015,0.0271,9.311,2894817.0,0
15907849.0,0.025,0.0355,0.863,1062198.0,0
0.0,0.051,-0.0865,1.378,-8691000.0,0
241171000.0,0.042,0.0538,6.598,55866000.0,0
18489837.0,0.035,0.0486,6.613,916748.0,0
42339563.0,0.044,0.1021,3.0660000000000003,382388.0,0
266313000.0,0.031,0.0801,14.94,16296000.0,1
1819392445.4089,0.0013,0.0192,11.1746,92905194.6291,0
0.0,0.051,-0.0485,0.4535,-3206614.5354,0
10772192.0,-0.153,-0.1228,0.201,-1036375.0,0
205560000.0,0.02,0.0199,28.96,12889000.0,0
149841000.0,0.129,0.1252,27.734,31974000.0,0
0.0,0.051,-0.0396,0.4415,-1333486.2306,0
27306000.0,0.0289999999999999,0.0189,7.101,-3350000.0,0
2922600000.0,0.11,0.1391,16.382,560400000.0,1
33740000.0,0.156,0.1342,0.7859999999999999,-3891000.0,0
3585141000.0,0.0559999999999999,0.1363,14.61,195836000.0,0
3831706000.0,-0.039,-0.0517,19.447,242652000.0,0
1004601000.0,0.083,0.0943,15.999,115286000.0,1
717569000.0,0.002,0.2566,0.131,61004000.0,0
197668000.0,-0.069,-0.0801,4.848,26564000.0,0
118000000.0,0.050847457627119,0.0779499999999999,10.419,17000000.0,0
2214956000.0,0.002,0.0291,4.558,-9568000.0,1
166578000.0,-0.059,-0.1538,2.408,8811000.0,1
38000.0,0.051,0.0779499999999999,10.419,-25465000.0,1
403289000.0,-0.032,0.0779499999999999,10.419,21949000.0,1
1297662000.0,0.098,0.1885,14.326,252132000.0,1
301600000.0,-0.012,0.0149,-13.234000000000002,11590000.0,0
1503316000.0,0.077,0.1815,15.451,169038000.0,1
106464000.0,-0.043,-0.0291,2.837,7526000.0,0
1827700000.0,0.009,-0.0436,-3.164,178300000.0,0
78138000.0,-0.136,-0.1318,5.648,-4286000.0,1
0.0,0.051,-0.1884,10.432,-23144921.0,0
3065017000.0,0.039,0.1631,5.732,170642000.0,0
1270163000.0,-0.044,-0.0992,17.660999999999998,8892000.0,1
733632000.0,0.03,0.0685,18.494,38657000.0,1
1204554000.0,0.011,0.0322,12.296,-65534000.0,1
383925000.0,-0.063,-0.1709,4.988,46312000.0,0
434901000.0,-0.1669999999999999,0.0779499999999999,0.1989999999999999,-12626000.0,0
3760118000.0,0.021,0.07,41.003,189673000.0,1
2438913000.0,0.13,0.1401,22.971,422641000.0,1
188832000.0,0.184,0.2158,3.884,38262000.0,1
405263000.0,-0.0139999999999999,-0.0183,8.628,52098000.0,0
15027004.0,0.24,-0.2189,2.753,-4281587.0,0
309260000.0,0.085,0.0518,33.258,66340000.0,1
488749000.0,0.089,0.1185,8.827,64272000.0,1
312942000.0,0.039,0.0957,11.739,7028000.0,0
88758000.0,-0.004,-0.0088,2.629,3700000.0,0
44733000.0,-0.13,-0.0608,37.574,450000.0,0
63548000.0,0.129,0.0731,3.438,18401000.0,1
0.0,0.051,-0.2163,21.575,-19231000.0,0
72215000.0,0.006,0.0102,1.058,3355000.0,0
108663000.0,0.022,0.0247,2.968,4351000.0,0
112537000.0,0.061,0.0578,7.301,15697000.0,1
1092880000.0,0.019,0.0916,14.992,55195000.0,1
144641000.0,0.051,0.0492,5.431,8118000.0,0
92351604.0626,0.0371,0.0919,3.169,86412219.8936,1
305074000.0,0.063,0.1308,11.973,41391000.0,1
1456282000.0,0.068,0.22,26.295,110279000.0,1
4094430.9927,-0.0932,-0.0081,1.6053,-12526634.3826,1
107454000.0,-0.151,-0.1223,5.025,-21600000.0,1
57439000.0,0.209,0.1218,7.244,18183000.0,0
691914000.0,-0.005,-0.2064,0.471,-712000.0,0
262810000.0,-0.002,0.0161,2.958,6894000.0,0
247405000.0,0.114,0.0919,6.266,21668000.0,1
32025423.7288,0.0012,0.0003,2.1525,50514527.845,0
434901000.0,0.051,0.0779499999999999,10.419,-10000000.0,0
66487000.0,0.05,0.0723,2.097,7255000.0,1
41278000.0,0.276,0.1763,17.243,15387000.0,1
61000000.0,0.081967213114754,0.0779499999999999,10.419,6000000.0,0
34520630.0,-0.095,-0.0878,0.98,-3867822.0,0
36901871.0,0.066,0.03,4.584,6693431.0,0
0.0,0.051,-0.0855,4.781000000000001,-9460000.0,0
36370616.0,-0.077,-0.1247,5.608,-1882653.0,0
55608000.0,0.045,0.0758,17.578,4280000.0,1
32427360.7748,-0.023,-0.0338,0.7772,-1136803.8741,1
104872000.0,0.1639999999999999,0.0874,8.536,15690000.0,0
28370000.0,0.14,0.1789,22.991,266000.0,0
2948000.0,0.051,-0.0405,26.908,-9990000.0,1
15417000.0,-0.062,-0.0444,3.996,6773000.0,0
154625000.0,-0.083,-0.0865,18.362,-20271000.0,0
24584000.0,-0.044,-0.1122,1.198,1684000.0,0
5120451.0,-0.042,-0.0365,0.802,-862273.0,1
0.0,0.051,0.0779499999999999,10.419,-6001000.0,0
97979173.3936,0.0331,0.0694,6.4634,79170326.1221,0
27645284.0,-0.0409999999999999,-0.0577,2.07,-3820299.0,1
27444223.0,-0.01,-0.0451,2.385,506522.0,0
15487875.0,-0.083,-0.1013,1.568,2067188.0,0
7596874.0,-0.022,-0.0181,3.059,302364.0,1
71065000.0,-0.186,-0.1643,2.236,-9918000.0,1
91384695.0,-0.001,-0.0027,7.818,-3881373.0,1
24070292.0,0.027,0.091,2.642,1780342.0,0
10333090.0,-0.165,-0.1162,0.73,376943.0,1
17060435.0,0.0819999999999999,0.0852,2.261,700056.0,0
10812000.0,-0.045,-0.053,2.638,-329000.0,0
29205000.0,0.11,0.2498,2.397,4456000.0,0
73769000.0,-0.0069999999999999,-0.0164,3.528,3892000.0,0
0.0,0.051,-0.1265,10.419,-6409697.074,1
0.0,0.051,0.2319,-10.958,-2126000.0,1
4569792000.0,0.053,-0.0875,-15.916,448989000.0,0
2569786000.0,0.06,0.1329,13.7,327942000.0,0
2586037000.0,0.025,0.0725,5.863,236682000.0,0
290541000.0,0.1369999999999999,0.1038,5.586,86905000.0,1
1588528000.0,0.0409999999999999,0.0772,5.629,80491000.0,1
1591188000.0,0.176,0.2549,7.568,278339000.0,0
3084370000.0,0.067,0.1541,3.1660000000000004,219033000.0,1
508134000.0,0.095,0.2223,3.736,134219000.0,1
4240500000.0,0.021,0.0886,3.095,526600000.0,0
3911602000.0,0.087,0.0882,21.705,313200000.0,0
4031100000.0,0.045,0.0667,21.287,154700000.0,0
4540000000.0,0.067,0.0779499999999999,10.419,533000000.0,1
3125881000.0,0.108,0.0962,17.038,635601000.0,1
1998502000.0,0.019,0.0236,4.926,254776000.0,1
3305802000.0,0.025,0.0712,6.049,229856000.0,1
1718231000.0,0.045,0.1479,12.87,84593000.0,0
3424809000.0,0.062,0.2531,14.521,319084000.0,1
2377561000.0,0.0579999999999999,0.1291,7.082000000000001,163882000.0,1
1334951000.0,0.084,0.1672,7.261,152329000.0,0
4116897000.0,0.013,0.0316,22.415,175493000.0,0
242038000.0,0.1119999999999999,0.1863,1.641,54412000.0,1
3086608000.0,0.091,0.1667,11.524,423155000.0,0
379789000.0,0.071,0.0815,8.713,65296000.0,0
1703616000.0,0.049,0.0579,10.026,-113370000.0,0
4442711000.0,0.021,0.1652,4.406000000000001,352006000.0,0
1694584000.0,0.037,0.0514,20.63,-163647000.0,1
2142255000.0,-0.025,-0.1211,3.983,289898000.0,1
945163000.0,0.048,0.2337,7.027,23236000.0,0
4013600000.0,0.039,0.07,13.965,266200000.0,1
2148159000.0,0.04,0.0779499999999999,10.419,58451000.0,0
1198223000.0,-0.016,-0.0109,5.485,-11651000.0,0
1550961000.0,0.012,0.0334,14.1,87521000.0,0
746659000.0,0.057,0.1169,12.698,59889000.0,0
977860000.0,0.015,0.0763,8.891,28535000.0,0
4209200000.0,0.087,0.1436,31.959,235500000.0,0
1003903000.0,0.025,0.0809,4.619,46380000.0,1
1976624000.0,0.051,0.182,11.227,239649000.0,0
255799160.4779,-0.0158,0.1856,-5.3294,-10734258.9603,0
2670573000.0,0.076,0.2022,15.675,327725000.0,1
2271257000.0,0.025,0.1152,5.183,136387000.0,0
1484131000.0,0.06,0.3449,6.324,201022000.0,0
1163489000.0,0.154,0.1781,3.992,262594000.0,1
643163000.0,0.034,-0.1796,-3.651,34000.0,1
4193844000.0,0.089,0.1708,18.245,605969000.0,1
535402000.0,0.059,0.275,2.193,31187000.0,0
1175793000.0,0.065,0.3395,2.37,392323000.0,1
801538262.835,0.01,0.0955,2.0862,234745721.6661,1
2590527000.0,-0.071,0.2596,-9.028,262223000.0,1
3084000000.0,0.067444876783398,0.0779499999999999,10.419,219000000.0,0
3525456000.0,0.051,0.1831,18.341,149261000.0,1
1213475000.0,0.033,0.0502,3.879,370485000.0,0
4387889000.0,0.064,0.2221,12.993,453769000.0,0
2513113000.0,0.015,0.0799,11.041,104032000.0,0
1106597000.0,0.039,0.0553,23.489,90679000.0,1
279777000.0,0.132,0.2529,10.419,79405000.0,0
3651065000.0,-0.03,-0.2393,2.177,193091000.0,0
635579000.0,0.003,0.0144,4.533,109878000.0,1
5127961000.0,-0.013,-0.2098,7.38,117221000.0,1
4415000000.0,0.078,0.0743,30.48,473000000.0,0
2219125000.0,0.053,0.2456,5.617999999999999,195075000.0,1
1873919000.0,0.071,0.153,13.632,172310000.0,1
1765789000.0,0.03,0.086,27.367,173470000.0,0
1561500000.0,0.0279999999999999,0.0485,28.431,156800000.0,1
1377812000.0,0.036,0.0861,6.647,261532000.0,1
345868000.0,0.016,0.0668,4.252,12780000.0,0
2695390000.0,0.024,0.0424,15.514,297302000.0,0
3171878000.0,0.066,0.2248,10.419,346138000.0,0
1582148000.0,0.055,0.1432,8.719,191713000.0,1
1357318000.0,0.0409999999999999,0.1055,9.962,90832000.0,0
839743000.0,0.009,0.1298,2.033,9519000.0,0
2626990000.0,0.073,0.1731,9.706,454634000.0,0
1254646000.0,0.023,0.0347,22.687,245878000.0,1
660877000.0,0.01,-0.0381,-3.318,82075000.0,0
845569000.0,0.032,0.0786,12.584,100040000.0,0
593053000.0,0.02,0.0524,3.519,24531000.0,0
2473233000.0,0.034,0.083,20.658,188930000.0,0
2994011000.0,0.0579999999999999,0.126,6.495,317355000.0,1
3243987000.0,0.013,0.0779,32.058,171049000.0,1
851965000.0,0.083,0.2331,11.752,53301000.0,0
383268000.0,0.074,0.1546,8.831,-173214000.0,1
1223512000.0,-0.017,0.0485,-8.906,165358000.0,0
894753000.0,0.05,0.0783,17.948,-159807000.0,0
2100590000.0,0.065,0.1021,19.247,185783000.0,1
344861000.0,0.123,0.2018,6.517,26085000.0,0
4727356000.0,0.017,0.1046,19.154,88937000.0,0
1067780000.0,-0.009,-0.0101,-9.165,72410000.0,1
306734000.0,0.09,0.2149,3.504,32905000.0,1
3782300000.0,0.026,0.0855,8.331,381900000.0,1
402000000.0,-0.067164179104478,0.0779499999999999,10.419,-54000000.0,1
724337000.0,0.063,0.1369,11.26,66894000.0,0
498752000.0,0.021,0.0203,9.199,102055000.0,1
4790600000.0,0.0279999999999999,0.0768,10.82,374700000.0,0
530896000.0,0.111,0.2305,6.285,87864000.0,0
1352999000.0,0.053,0.0956,11.445,174297000.0,1
745447000.0,0.012,0.0201,16.486,11627000.0,0
1047419000.0,0.061,0.1908,12.179,57087000.0,0
1477600000.0,0.088,0.307,9.058,104500000.0,0
624692000.0,0.018,0.0471,10.006,10809000.0,0
3911790000.0,0.047,0.2569,5.6160000000000005,348244000.0,1
367237000.0,-0.104,0.0779499999999999,10.419,3715000.0,0
654988000.0,0.0559999999999999,0.1306,14.882,118524000.0,0
5016994000.0,0.045,0.1518,14.559,417915000.0,0
274447000.0,0.068,0.1692,3.554,34372000.0,1
2359994000.0,0.147,0.1862,7.07,264100000.0,1
652323000.0,-0.005,-0.0066,12.922,41446000.0,0
748538000.0,-0.069,0.0414,10.982,50605000.0,0
4239100000.0,0.022,0.0801,23.924,261800000.0,0
2190633000.0,0.065,0.1282,28.436,-211248000.0,0
1193769000.0,0.078,0.1586,16.47,-210262000.0,1
1468708000.0,0.077,0.1273,19.976,178090000.0,0
542620000.0,-0.055,-0.1461,2.734,54687000.0,1
445474000.0,0.1,0.0519,18.566,120625000.0,0
255375000.0,-0.0819999999999999,-0.1294,4.297,-3957000.0,0
1213046000.0,0.05,0.111,18.252,100147000.0,0
1190782000.0,0.052,0.1577,16.515,107020000.0,1
1146102000.0,0.0279999999999999,0.0905,25.27,123581000.0,0
1118700000.0,0.026,0.0779499999999999,10.419,145600000.0,1
884785000.0,0.03,0.0848,15.902,38620000.0,0
751476000.0,0.12,0.1948,12.817,59640000.0,0
5390326000.0,0.026,0.2061,25.769,30967000.0,1
2683677000.0,0.049,0.2499,22.195,177625000.0,0
1562876000.0,0.05,0.0995,24.793000000000003,114919000.0,0
235470000.0,0.127,0.0566,32.291,132532000.0,0
714514000.0,0.161,0.0717,20.799,342555000.0,0
1000133000.0,0.044,0.1477,5.496,-12515000.0,0
831432000.0,0.0579999999999999,0.1166,11.75,93943000.0,1
118530000.0,0.018,0.1681,0.348,13584000.0,0
735717000.0,0.042,0.2985,4.295,46318000.0,1
1463767000.0,0.023,0.1232,10.821,-160469000.0,0
460563000.0,0.032,0.1074,7.859,39213000.0,0
1749688000.0,0.046,0.0659,34.179,160748000.0,0
261585000.0,0.04,0.0823,4.189,26326000.0,1
1892437000.0,-0.073,-0.1939999999999999,12.640999999999998,116755000.0,0
2961259000.0,-0.003,0.0279,-0.96,348423000.0,0
2597809000.0,0.074,0.1737,17.047,316329000.0,1
920033000.0,0.059,0.1389,13.367,92959000.0,0
362392000.0,0.055,0.0548,18.995,-129671000.0,1
245101000.0,0.047,0.0972,7.194,29135000.0,1
622204000.0,0.001,0.0023,13.439,35368000.0,0
1667200000.0,0.066,0.1881,9.229,179600000.0,0
93593316.1124,0.0438,0.1405,5.3103,40450920.2454,1
812200000.0,0.057,0.0663,13.487,141600000.0,1
121432000.0,0.093,0.1019,11.236,20435000.0,1
611143000.0,0.059,0.1813,7.591,64106000.0,0
570255000.0,0.089,0.1098,18.165,54516000.0,0
81294000.0,0.071,0.1607,3.647,3639000.0,1
373892000.0,-0.046,-0.0505,28.649,45262000.0,0
326979000.0,0.013,0.0279,5.343,26554000.0,0
403741000.0,0.0279999999999999,0.0816,4.715,49027000.0,0
346097000.0,0.048,0.1709,2.755,43348000.0,1
174619000.0,0.0,-0.0008,4.629,23194000.0,0
320459000.0,0.059,0.073,27.395,27830000.0,1
1747922000.0,0.02,0.0827,11.390999999999998,50736000.0,0
285285000.0,0.046,0.1638,6.352,25536000.0,0
187767000.0,0.076,0.0802,10.574000000000002,31245000.0,1
810060000.0,0.027,0.1488,6.903,-79015000.0,1
145426000.0,0.016,0.0164,7.117999999999999,10958000.0,1
849879000.0,0.053,0.1741,15.815,52734000.0,1
175204000.0,0.055,0.1265,10.142,10827000.0,0
255242000.0,0.099,0.1984,5.449,28343000.0,1
586010000.0,0.003,0.0082,13.755999999999998,4589000.0,0
79752000.0,0.104,0.1897,9.864,2876000.0,0
447939000.0,0.0559999999999999,0.0766,12.062,66440000.0,1
980392000.0,0.044,0.115,16.339000000000002,46987000.0,1
286242169.0,0.034,0.0712,18.337,12980048.0,0
2104200000.0,-0.018,-0.1043,9.693,-100000.0,0
2624972000.0,0.035,0.1011,38.441,139999000.0,0
41837000.0,-0.026,-0.0041,8.613999999999999,-3155000.0,0
855735000.0,0.003,-0.0185,-6.763,36844000.0,1
1263571000.0,0.02,0.0967,6.141,40066000.0,0
438543000.0,0.034,0.0899,23.058000000000003,16237000.0,1
36331000.0,0.186,0.2033,3.384,3487000.0,0
623649000.0,-0.0139999999999999,-0.0592,4.651,38695000.0,0
228293000.0,0.035,0.0588,12.573,5696000.0,1
266536000.0,0.021,0.0268,8.051,41925000.0,0
226124000.0,0.07,0.0881,9.933,36565000.0,1
198459000.0,0.099,0.3292,1.511,43054000.0,1
320488000.0,0.059,0.0996,17.715,17843000.0,0
49322908.0,0.094,0.3636,0.511,992309.0,0
237654865.0,0.0579999999999999,0.0763,10.293,22561194.0,0
489187000.0,0.043,0.0992,23.84,21875000.0,0
1215180000.0,0.038,0.0933,22.25,-132504000.0,0
120048000.0,0.01,0.0104,4.857,9081000.0,1
495837000.0,0.037,0.1287,5.065,43794000.0,0
406588000.0,-0.003,-0.0151,6.465,3461000.0,0
170229006.0,0.072,0.0579999999999999,4.968999999999999,3327918.0,0
158303000.0,0.088,0.0545,7.897,-28675000.0,0
303511000.0,0.13,0.2306,7.777,53747000.0,1
533339000.0,0.03,0.0559,35.15,46757000.0,1
139357000.0,0.035,0.1345,11.089,11905000.0,1
1609481000.0,0.01,0.0366,14.186,46527000.0,0
425410000.0,0.021,0.046,20.604,33218000.0,0
492776000.0,0.03,0.0885,14.911,9937000.0,1
196249000.0,0.0579999999999999,0.1411,6.047000000000001,7068000.0,1
139307000.0,0.054,0.0796,13.515999999999998,11126000.0,0
340738000.0,0.027,0.0593,14.943,30261000.0,1
287162000.0,0.061,0.1561,9.122,20219000.0,1
452901000.0,-0.002,-0.0069,17.492,13973000.0,1
2151000000.0,-0.01999070199907,0.0779499999999999,10.419,42000000.0,0
98711275.0,0.087,0.1652,2.541,-6455730.0,0
42224000.0,-0.037,-0.153,1.186,-75000.0,0
348419000.0,0.047,0.1309,36.612,11519000.0,0
687902000.0,0.042,0.1011,15.396,56357000.0,0
4727000000.0,0.016924053310768,0.0779499999999999,10.419,89000000.0,0
89802000.0,0.031,0.1179,12.618,8251000.0,0
83165000.0,0.0,-0.0001,4.656000000000001,-3672000.0,1
434901000.0,0.051,0.0779499999999999,10.419,52878000.0,0
48469837.0,0.05,0.0778,7.377000000000001,4590111.0,1
57828200.0,0.009,0.0399,3.917,-3355112.0,1
108838800.3749,0.0628,0.035,1.8754,5796626.0544,0
45674000.0,0.069,0.0654,1.3130000000000002,7498000.0,0
137975000.0,0.086,0.1316,6.435,19296000.0,0
460141000.0,0.036,0.2253,4.915,9322000.0,0
45925734.5819,-0.0405,-0.1834,19.2259,-3762835.0016,1
33359918.0,-0.03,-0.0871,1.122,234469.0,1
27743000.0,-0.027,-0.0529,2.12,1438000.0,0
2063000000.0,0.14881240911294,0.0779499999999999,10.419,-191000000.0,0
0.0,0.051,0.0779499999999999,10.419,-181000.0,1
26305000.0,0.008,0.0086,1.944,-1648000.0,0
395922000.0,-0.009,-0.0197,6.075,20439000.0,0
737928449.7445,0.0937,0.0478,5.1857,173260647.3595,1
639107.0,0.051,0.0779499999999999,10.419,-1751618.0,0
149657000.0,0.032,0.0323,9.297,-112226000.0,0
128413448.0,-0.01,-0.0383,1.271,11295253.0,0
133998000.0,0.111,0.1293,20.218,25416000.0,0
354776000.0,-0.003,-0.0253,2.286,3045000.0,0
441000000.0,-0.14285714285714,0.0779499999999999,10.419,54000000.0,1
20707000.0,-0.05,-0.0171,5.148,5867000.0,1
4298724000.0,0.037,0.3427,4.617,395781000.0,0
4223400000.0,-0.001,-0.001,23.904,55900000.0,0
3562300000.0,-0.024,-0.1933,8.857000000000001,141300000.0,1
4611803000.0,0.025,0.1014,14.304,323011000.0,0
2837190000.0,0.0559999999999999,0.0821,24.521,271873000.0,0
2314879000.0,0.03,0.1877,6.853,300430000.0,1
1199390000.0,0.307,0.1408,31.056,608334000.0,0
2034300000.0,0.015,0.0537,5.732,190800000.0,0
1036027000.0,0.032,0.1295,5.517,27678000.0,1
749527000.0,0.04,0.0959,15.23,52861000.0,0
443225000.0,0.031,0.0262,6.08,100556000.0,0
328679000.0,0.128,0.0454,14.784,212299000.0,0
2139289000.0,0.046,0.1183,11.562,206565000.0,0
1293183000.0,0.017,0.0792,3.906,57730000.0,1
3733507000.0,0.132,0.258,3.23,499392000.0,0
2558000000.0,0.103,0.2735,8.041,387700000.0,1
2356600000.0,-0.046,-0.0384,30.879,-21300000.0,0
1931580000.0,0.1169999999999999,0.2248,13.785,261830000.0,0
1682000000.0,-0.001,-0.0026,6.015,341000000.0,0
2988900000.0,0.0289999999999999,0.1295,5.459,178800000.0,0
589592000.0,0.051,0.0859,5.408,149725000.0,1
2356000000.0,0.088,0.1504,7.712999999999999,264000000.0,1
2147767000.0,0.13,0.188,18.647,367961000.0,0
2436400000.0,0.151,0.1669999999999999,18.153,616200000.0,1
4695014000.0,0.065,0.3122,7.292999999999999,340698000.0,0
1050493000.0,0.244,0.0923,27.139,769018000.0,0
506764000.0,0.002,0.0069999999999999,4.927,6506000.0,0
2079166000.0,0.1119999999999999,0.1044,11.959,545077000.0,1
4649700000.0,0.016,0.078,17.269000000000002,121200000.0,1
5484000000.0,0.0579999999999999,0.159,18.285,410700000.0,0
55810000.0,-0.013,-0.0164,1.511,1701000.0,0
1304700000.0,-0.01,-0.0213,3.986,154300000.0,1
2856000000.0,0.0420168067226889,0.0779499999999999,10.419,261000000.0,1
1355877000.0,0.075,0.1029,10.342,53689000.0,0
4492309000.0,0.024,0.079,28.119,-56678000.0,0
1173382760.0,0.0139999999999999,0.0923,7.659,32362545.0,0
2326905000.0,0.023,0.0659,16.598,55497000.0,1
1184700000.0,0.047,0.1586,2.198,147600000.0,0
1405040000.0,0.052,0.0722,11.166,321876000.0,1
2279438000.0,0.084,0.1494,5.819,271838000.0,1
4624476000.0,0.08,0.1246,25.442,385758000.0,0
583290000.0,0.052,0.1044,14.82,29507000.0,0
2173000000.0,0.061,0.0883,28.223000000000003,239600000.0,0
1050294000.0,0.044,0.2187,4.499,88227000.0,0
672929000.0,0.044,0.0769,6.968,81971000.0,0
1674082000.0,0.119,0.3086,13.036,285098000.0,0
164525000.0,0.121,0.1543,2.438,35432000.0,0
1664150000.0,0.061,0.1391,14.119000000000002,235027000.0,1
2305200000.0,0.062,0.1746,24.324,81000000.0,0
1499662000.0,-0.03,-0.1862,16.596,100495000.0,0
3157796000.0,0.031,0.0694,26.264,19113000.0,0
2457000000.0,-0.023,-0.1588,3.1830000000000003,278000000.0,1
1863315000.0,0.033,0.1559,5.666,92635000.0,0
4877885000.0,0.105,0.2658,14.171,594481000.0,0
1132311000.0,0.107,0.1734,5.388,190689000.0,0
3126426000.0,0.048,0.1778,12.341,229046000.0,1
871355000.0,0.0969999999999999,0.178,5.431,172453000.0,0
2555601000.0,0.128,0.1723,22.312,448500000.0,0
3622200000.0,-0.0069999999999999,0.2038,-3.936,-73300000.0,0
502621000.0,0.083,0.1282,6.424,81391000.0,1
2174045000.0,0.03,0.1399,11.522,47525000.0,1
408122000.0,0.1119999999999999,0.1077,16.382,122986000.0,0
2554236000.0,0.096,0.246,6.943,194098000.0,1
150789000.0,0.085,0.0191,9.226,30621000.0,1
1602200000.0,-0.031,0.2849,-3.031,150600000.0,0
2364227000.0,0.043,0.1333,13.6,90605000.0,0
1704021000.0,0.145,0.2727,14.214,288155000.0,0
2278244000.0,-0.019,-0.0907,6.314,135295000.0,0
250002000.0,0.242,0.1266,5.569,20940000.0,1
581656000.0,0.121,0.1587,8.802999999999999,37145000.0,1
513239000.0,0.013,0.0278,13.436,56764000.0,1
2566318000.0,0.11,0.1251,39.504,438909000.0,0
1262006000.0,0.094,0.1065,20.292,196153000.0,0
2534926000.0,0.002,0.0077,28.724,141252000.0,0
581192000.0,-0.023,-0.2227,18.043,-17840000.0,0
2275270000.0,0.011,0.0319,20.319000000000003,43142000.0,1
2787897000.0,0.096,0.1791,17.34,391674000.0,0
481097000.0,0.1889999999999999,0.1315,6.45,149019000.0,0
304875000.0,0.288,0.1082,14.648,133114000.0,0
1451000000.0,0.141,0.156,29.2,449200000.0,0
2787122000.0,0.085,0.1688,22.548,272406000.0,0
1192952000.0,0.069,0.093,28.959,118619000.0,0
3237447000.0,-0.0069999999999999,-0.0172,27.331,290130000.0,1
1219300000.0,0.018,0.0353,26.006,32200000.0,0
832067000.0,0.024,0.1378,8.429,29018000.0,0
1211300000.0,-0.012,-0.0384,10.419,37600000.0,0
489000000.0,0.0020449897750511,0.0779499999999999,10.419,46000000.0,0
2203962000.0,0.051,0.2189,18.158,135907000.0,0
1367000000.0,0.025603511338698,0.0779499999999999,10.419,102000000.0,1
1050134000.0,0.038,0.0799,25.535,79160000.0,0
263217000.0,0.05,0.0722,7.037999999999999,17665000.0,0
209617000.0,0.0289999999999999,0.1517,1.098,7007000.0,0
5068800000.0,-0.017,0.1427,-16.589000000000002,28500000.0,0
66364000.0,0.046,0.1562,0.674,-337000.0,0
943967000.0,0.039,0.1133,15.417,54976000.0,0
806831000.0,0.013,0.0402,4.27,48802000.0,0
348748000.0,0.0409999999999999,0.0704,5.829,55997000.0,0
3571126000.0,0.0139999999999999,0.0858,16.419,98541000.0,0
1895527000.0,-0.068,-0.1573,9.561,117820000.0,0
742045000.0,0.027,0.0774,23.545,53422000.0,0
1700912000.0,0.086,0.2616,8.215,213600000.0,1
1331421000.0,-0.0279999999999999,-0.0593,16.762999999999998,80823000.0,1
2086194000.0,0.03,0.1392,8.794,36101000.0,0
1859060000.0,0.015,0.0422,14.503,127079000.0,0
21625000.0,0.01,0.0586,0.397,122000.0,0
984200000.0,0.031,0.2584,4.041,77700000.0,1
2459878000.0,0.046,0.141,19.159,110110000.0,0
1689200000.0,0.054,0.1345,5.989,171700000.0,0
1724741000.0,0.045,0.1217,11.872,96022000.0,1
252928726.4343,0.0186,0.1693,8.2993,109234504.2723,1
818602000.0,0.123,0.0586,21.255,458786000.0,1
1756212000.0,0.033,0.0533,26.881,135401000.0,0
817647000.0,0.247,0.1907,27.265,296413000.0,0
202561000.0,0.013,0.0166,11.318,23313000.0,0
499278000.0,0.065,0.0774,12.777,66659000.0,1
174738000.0,0.0409999999999999,0.0678,7.56,-1503000.0,0
3184790000.0,0.044,0.2843,10.914,101869000.0,0
103562349.0,0.034,0.0525,3.025,7402640.0,0
250080000.0,-0.0279999999999999,-0.1101,3.793,4380000.0,0
719483000.0,0.0409999999999999,0.0744,8.271,43918000.0,1
1272321000.0,0.0409999999999999,0.1417,14.973,102170000.0,0
3780027788.2088,-0.0466,0.0779499999999999,10.419,424030041.3068,0
1709100000.0,0.043,0.0729,25.26,139800000.0,0
295843235.3891,0.0387,0.1256,9.6466,121991281.8857,0
498518000.0,-0.092,-0.0311,12.637,14782000.0,1
780959000.0,0.078,0.132,15.224,91660000.0,0
2813324000.0,0.091,0.1986,16.511,401702000.0,0
1411566000.0,0.098,0.2975,1.41,194146000.0,1
161552000.0,-0.047,-0.106,2.4730000000000003,10047000.0,0
296168000.0,0.13,0.1644,4.316,61792000.0,1
995559000.0,0.073,0.0961,15.698,129482000.0,1
535829000.0,0.0409999999999999,0.1028,12.76,41628000.0,1
209583000.0,0.1989999999999999,0.1568,10.335,57210000.0,0
2925000000.0,0.066,0.1818,18.055,264000000.0,0
617933000.0,0.083,0.1346,29.82,91798000.0,0
175576000.0,-0.087,-0.008,15.773,44910000.0,0
506639000.0,0.03,0.0536,19.694000000000003,32110000.0,0
172810551.0,-0.002,-0.0262,2.897,5681171.0,1
701533000.0,0.113,0.1316,26.777,146453000.0,0
718980000.0,0.025,0.1052,11.095,73744000.0,0
488601000.0,0.017,0.0473,9.709,30708000.0,0
418886000.0,0.144,0.1118,23.539,47975000.0,1
74382000.0,0.047,0.0794,2.256,4743000.0,1
593241000.0,0.018,0.0363,6.202000000000001,1308000.0,0
501013000.0,0.05,0.0287,14.745,106971000.0,1
841446000.0,0.06,0.102,27.978,70826000.0,0
277323000.0,0.093,0.103,7.927,46114000.0,0
887300000.0,0.077,0.1159,13.16,123400000.0,0
567181000.0,0.035,0.0575,8.817,32018000.0,1
760100000.0,0.103,0.1198,14.62,136600000.0,1
611780000.0,0.025,0.0816,10.419,28010000.0,0
819817000.0,0.049,0.1552,9.687,84499000.0,0
376112301.6411,0.0274,0.1054,27.462,286080292.9608,1
44032076.0,0.03,0.209,0.87,1480510.0,1
108382000.0,0.045,0.1374,6.979,1420000.0,1
661039000.0,0.085,0.2462,7.919,99874000.0,0
751723000.0,0.079,0.1585,14.734000000000002,107275000.0,1
1696000000.0,0.05188679245283,0.0779499999999999,10.419,108000000.0,0
447411000.0,0.085,0.1521,11.67,71369000.0,0
4703571000.0,0.027,0.1063,9.658,257130000.0,0
98363270.0,-0.003,-0.0104,1.208,7843644.0,0
779100000.0,0.0819999999999999,0.1714,5.9270000000000005,72300000.0,1
2767200000.0,0.04,0.2416,27.951,100000000.0,0
3401636000.0,-0.008,-0.0224,20.939,297366000.0,0
1714200000.0,0.0409999999999999,0.1946,8.46,165700000.0,1
1137046000.0,0.076,0.296,16.52,269781000.0,1
1513700000.0,0.033,0.0551,25.847,135200000.0,0
598518000.0,0.01,0.0297,16.555999999999997,-6026000.0,0
1410795000.0,0.016,0.0753,8.157,42552000.0,1
2612693000.0,0.018,0.0823,21.578000000000003,143766000.0,0
227589000.0,0.263,0.1355,21.325,139687000.0,0
623447000.0,0.036,0.093,8.535,36873000.0,1
455410000.0,0.008,0.0108,27.921,26946000.0,0
385818000.0,0.018,0.0291,8.633,11945000.0,0
434925000.0,0.083,0.1282,10.739,29003000.0,0
227455000.0,0.176,0.2567,11.108,98407000.0,0
1794962000.0,0.032,0.1118,19.135,106187000.0,1
489348000.0,-0.026,-0.1119,2.553,5829000.0,0
103846000.0,0.2739999999999999,0.1202,4.869,23552000.0,0
102218000.0,0.099,0.0958,10.517,15230000.0,0
1398352000.0,0.05,0.0888,29.204,114810000.0,0
544474000.0,0.071,0.2083,9.551,55551000.0,1
1241781000.0,0.0579999999999999,0.1588,9.235,94090000.0,1
5562700000.0,0.004,0.0284,22.232,-70000000.0,0
74569000.0,0.018,0.0056,8.984,27976000.0,0
231713000.0,0.107,0.1261,10.419,21629000.0,1
394677000.0,0.109,0.1707,6.904,52836000.0,0
2483814000.0,0.044,0.107,15.720999999999998,127376000.0,0
224006000.0,0.119,0.195,15.254,28606000.0,1
349133058.0,0.012,0.1252,1.213,6933694.0,0
623700000.0,0.004,0.0856,1.094,3800000.0,1
1436270000.0,-0.013,-0.0679,25.25,-39584000.0,0
312062000.0,0.035,0.0767,7.567,28795000.0,0
672230000.0,-0.015,-0.0732,7.401,-10513000.0,0
723400000.0,-0.023,-0.0949,3.327,10139000.0,0
2351906040.2685,0.0144,0.1114,6.8409,-7772818.7919,0
1785981927.7108,0.068,0.1514,10.0353,178331325.3012,0
542442000.0,0.024,0.0363,13.892,32755000.0,1
398276205.0,-0.03,-0.124,5.223,19714677.0,0
171050000.0,0.045,0.0924,2.139,10937000.0,0
602477000.0,0.01,0.0634,9.566,51878000.0,0
945129000.0,0.039,0.0991,11.486,51235000.0,0
512395000.0,0.01,0.0605,4.777,12598000.0,1
27601000.0,-0.016,-0.0817,3.656,1084000.0,0
647814000.0,0.045,0.0788,30.917,9128000.0,0
2226446000.0,0.004,0.0217,19.564,-82243000.0,0
247048000.0,-0.019,-0.1153,2.396,13781000.0,1
263909000.0,0.0139999999999999,0.024,13.465,25749000.0,0
424071000.0,0.046,0.0942,19.191,49715000.0,0
1514700000.0,0.015,0.1008,10.409,51600000.0,0
839055000.0,0.049,0.1219,28.435,30210000.0,1
40017000.0,0.087,0.0304,7.997000000000001,-2364000.0,1
1191521000.0,0.038,0.3308,4.57,79392000.0,0
331222000.0,0.052,0.0372,22.949,78286000.0,0
131972892.0,0.096,0.0214,15.071,55237735.0,0
111166000.0,0.035,0.1147,13.021,8069000.0,1
113523000.0,0.03,0.266,1.489,3253000.0,0
42673139.0,0.042,0.1942,0.589,495727.0,0
195378000.0,0.048,0.1031,1.868,27866000.0,0
287105000.0,0.0139999999999999,0.0467,6.425,51548000.0,0
272858000.0,-0.004,-0.0058,19.716,19975000.0,0
225829000.0,-0.027,-0.0698,6.006,2502000.0,0
117206000.0,0.205,0.1199,13.185,34843000.0,1
18822000.0,-0.0069999999999999,-0.0078,5.072,-470000.0,1
27990463.0,-0.088,-0.0845,4.775,1545247.0,0
607192000.0,0.042,0.0764,32.449,66739000.0,0
0.0,0.051,0.0779499999999999,10.419,-192380.0,1
77543000.0,0.044,0.0609,3.469,-1710000.0,0
1378700000.0,0.033,0.2457,15.339,53600000.0,0
226835000.0,0.093,0.2744,10.904000000000002,6400000.0,0
847263000.0,-0.009,0.245,20.427,78033000.0,0
174058000.0,0.0409999999999999,0.0331,27.392,62762000.0,0
11644392.0,0.136,0.1729,1.944,-1242471.0,0
122021000.0,0.027,0.1742,0.912,2097000.0,0
34238000.0,-0.062,-0.1515,2.42,-1328000.0,0
100772045.0,0.015,0.0536,7.555,-554613.0,0
82926000.0,0.054,0.1488,2.068,11065000.0,0
36169811.0,0.026,0.0486,4.756,1941805.0,0
51472000.0,-0.021,-0.0274,10.37,54000.0,0
62197000.0,-0.047,-0.0371,11.348,5495000.0,1
103846000.0,0.083,0.078,8.95,12170000.0,0
37135207.0,0.053,0.0758,26.643,2357494.0,0
128427000.0,-0.011,-0.0367,8.795,8103000.0,1
107900000.0,0.0559999999999999,0.2077,1.0490000000000002,3767000.0,0
287000000.0,0.024390243902439,0.0779499999999999,10.419,52000000.0,0
2389535195.3503,0.0073,0.0248,30.4793,390895382.6284,1
390011000.0,0.038,0.1345,6.322,11269000.0,0
44095023.0,0.005,0.0054,2.186,-712206.0,0
5563000000.0,0.0043142189466115,0.0779499999999999,10.419,-70000000.0,0
13131387.0,0.187,0.2793,0.211,4945839.0,0
285693000.0,-0.015,-0.0706,7.112,1804000.0,0
489500000.0,0.06,0.1665,6.541,23000000.0,0
129162000.0,0.025,0.0977,10.09,10820000.0,0
57065000.0,-0.021,-0.0274,3.908,-1432000.0,0
75035000.0,0.0279999999999999,0.052,10.791,8716000.0,1
410937000.0,0.033,0.1349,12.514,55253000.0,0
247134000.0,0.027,0.0492,19.681,11175000.0,0
119654000.0,0.042,0.0656,14.184,11397000.0,0
29703000.0,0.209,0.2191,2.087,6271000.0,0
716180000.0,0.06,0.1258,26.672,70299000.0,1
80726000.0,0.018,0.0167,9.715,-1458000.0,1
20011228.0,0.057,0.049,6.905,1984032.0,1
155042000.0,-0.011,-0.0627,1.888,-243000.0,1
258904867.0,-0.021,-0.0946,2.462,-1525488.0,0
76810000.0,0.016,0.0452,4.524,4448000.0,1
596982000.0,0.0,0.0033,12.880999999999998,188999000.0,0
984363000.0,0.305,0.2519,8.693,321424000.0,1
1109197000.0,0.122,0.0574,18.538,298833000.0,0
434901000.0,0.093,0.0779499999999999,20.919,420282000.0,0
1616438000.0,0.0819999999999999,0.0512,29.298,655888000.0,1
636799000.0,0.045,0.0176,18.312,159253000.0,1
298317000.0,0.148,0.0402,15.933,208672000.0,0
566252000.0,0.074,0.0182,14.959,217158000.0,1
217789000.0,0.069,0.0498,10.419,73757000.0,1
398874000.0,-0.168,-0.0139,17.570999999999998,175504000.0,0
315676000.0,0.208,0.2544,2.605,105688000.0,1
1046851000.0,0.196,0.0852,8.519,444487000.0,1
330900000.0,-0.024,-0.0169,15.781,111100000.0,1
259528000.0,-0.055,-0.003,32.539,42557000.0,0
5328000000.0,0.027,0.0656,14.925,429000000.0,0
253415000.0,0.039,0.0195,17.923,63168000.0,0
933505000.0,0.244,0.0482,25.703000000000003,627692000.0,1
1141998000.0,0.063,0.0366,11.504,282369000.0,0
190441000.0,0.253,0.0304,20.173,102581000.0,1
540797000.0,0.171,0.0339,21.892,236906000.0,0
1287060000.0,0.1969999999999999,0.2583,10.308,452529000.0,1
586473000.0,0.038,0.0277,16.548,193885000.0,0
818046000.0,0.184,0.0564,10.874,397303000.0,1
183518000.0,0.2,0.0498,20.32,85337000.0,0
371505000.0,0.122,0.0314,12.069,168499000.0,1
398600000.0,0.035,0.0243,10.102,98100000.0,0
177561000.0,0.256,0.0311,32.778,142400000.0,0
155864000.0,0.13,0.022,9.935,65207000.0,1
403466000.0,0.011,0.0268,9.146,102139000.0,0
484259000.0,0.046,0.0325,21.243,133320000.0,1
418558000.0,0.177,0.149,5.181,188771000.0,0
660978000.0,0.257,0.2155,5.085,277640000.0,0
872862000.0,0.187,0.0893,9.334,179832000.0,0
376963000.0,0.054,0.0182,9.711,166032000.0,1
370855000.0,0.086,0.0261,12.816,125370000.0,1
803896000.0,0.008,0.0023,17.579,252187000.0,1
635326000.0,0.042,0.0579,4.785,138558000.0,1
598776000.0,0.08,0.0409,27.131,161284000.0,0
792631000.0,0.275,0.0721,20.566,336484000.0,0
0.0,0.051,0.0779499999999999,10.419,-59980000.0,0
992332000.0,0.149,0.0512,38.41,485004000.0,1
926666000.0,0.118,0.0724,13.38,181605000.0,0
346709000.0,0.134,0.0468,9.543,137176000.0,1
1236599000.0,0.072,0.0307,11.93,479210000.0,1
647155000.0,0.276,0.1027,15.015,337581000.0,1
456300000.0,0.135,0.051,24.721,40400000.0,0
254985000.0,-0.182,-0.0716,9.767,46611000.0,0
349766412.5891,-0.0339,-0.0769,21.7126,159577083.8456,0
861857000.0,-0.0279999999999999,0.0072,26.522,224380000.0,1
599522000.0,0.074,0.023,13.419,246715000.0,1
672186000.0,0.021,0.0548,2.9930000000000003,109137000.0,1
54311000.0,0.012,0.0015,14.087,19845000.0,1
555871000.0,0.195,0.0791,15.461,266911000.0,1
66581000.0,0.012,0.0017,16.266,24504000.0,1
537898000.0,0.309,0.0983,20.447,277742000.0,1
326000000.0,-0.1349693251533699,0.0779499999999999,10.419,46000000.0,0
600614000.0,0.0559999999999999,0.0198,9.263,254014000.0,0
272420000.0,0.053,0.0706,15.244000000000002,99516000.0,1
432703000.0,-0.069,-0.017,11.954,145075000.0,0
686090000.0,0.239,0.1026,23.832,346130000.0,1
417406000.0,0.127,0.0811,16.662,112894000.0,0
260000000.0,0.084,0.0296,17.49,105611000.0,0
76970000.0,0.0,0.0,0.0,16423000.0,1
218363000.0,-0.044,-0.0027,12.095999999999998,110592000.0,0
17695000.0,0.002,0.0,10.419,961000.0,1
1040991000.0,0.1159999999999999,0.3015,7.867999999999999,252224000.0,1
326080000.0,0.272,0.0907,28.908,146068000.0,1
219829000.0,0.218,0.0839,18.223,116221000.0,0
521725000.0,0.32,0.0676,32.088,245253000.0,0
68875000.0,0.104,0.0144,24.547,29321000.0,1
462028000.0,-0.073,0.0138,14.078,-10342000.0,0
776809000.0,0.153,0.1404,5.47,285745000.0,1
148184000.0,0.098,0.0509,7.563,50885000.0,0
733915000.0,0.086,0.0241,24.845,262243000.0,1
170984000.0,0.079,0.0527,21.945,64445000.0,1
285046000.0,0.036,0.0447,10.419,31681000.0,1
4218000.0,-0.151,-0.0086,15.559,1783000.0,1
218576000.0,0.07,0.0234,20.024,35126000.0,0
496022873.0,0.134,0.1604,3.208,124830989.0,0
30978000.0,0.3229999999999999,0.0486,21.426,23354000.0,1
36056637.0,0.177,0.0497,21.885,11325024.0,0
1132002000.0,0.011,0.0817,10.419,45177000.0,1
99893000.0,0.2339999999999999,0.0575,12.183,29237000.0,0
32003000.0,0.157,0.0361,9.818,-4835000.0,0
0.0,0.051,0.0188,19.864,4580000.0,1
51069000.0,0.111,0.0199,13.79,13218000.0,0
24219000.0,-0.046,-0.0115,18.619,5353000.0,0
1582271000.0,0.027,0.1923,6.29,159068000.0,1
122939919.0,-0.005,-0.025,2.253,14851255.0,0
94111000.0,0.142,0.0982,16.977,-21562000.0,1
25141000.0,-0.107,-0.0181,19.034,14826000.0,0
246102000.0,0.203,0.2911,11.681,1769000.0,0
7184922.0,-0.017,-0.0021,8.751,3543622.0,0
207092000.0,0.155,0.1605,13.997,86568000.0,0
635326000.0,0.11,0.0508,5.4270000000000005,138558000.0,1
635000000.0,0.11023622047244,0.0779499999999999,10.419,139000000.0,1
5000000.0,0.0,0.0779499999999999,10.419,0.0,0
124295928.0,0.261,0.2472,2.9130000000000003,-26723054.0,0
67295000.0,-0.07,0.1142,-17.348,3284000.0,1
17081430.0,0.043,0.0168,21.882,4134834.0,1
42632319.0,0.024,-0.0374,-7.086,11840634.0,1
13938000.0,0.24,0.0581,11.204,5319000.0,1
635000000.0,0.11023622047244,0.0779499999999999,10.419,139000000.0,1
2437401.0,0.051,0.0779499999999999,10.419,2000000.0,1
96242000.0,-0.049,-0.0152,5.442,3202000.0,1
1526996000.0,-0.016,0.0368,-5.126,674340000.0,0
408557000.0,0.153,0.0609,13.986,214872000.0,0
868854000.0,0.023,0.0589,1.641,92542000.0,1
380003000.0,0.002,0.0095,1.823,73046000.0,1
314863000.0,-0.009,-0.0206,2.739,51169000.0,0
128597000.0,0.02,0.009,3.552,14917000.0,1
547438000.0,-0.03,-0.1817,4.013999999999999,5744000.0,0
5009000000.0,-0.027,-0.0346,36.354,395000000.0,1
1161500000.0,0.0559999999999999,-0.1166,-15.552,175200000.0,1
434901000.0,0.051,0.0779499999999999,10.419,289000000.0,1
415821000.0,0.251,0.2228,11.88,242013000.0,0
111989000.0,0.094,0.0412,6.059,23274000.0,1
326946000.0,0.104,0.1312,5.36,114993000.0,1
3893000000.0,-0.011,-0.013,39.309,172000000.0,1
200273000.0,0.104,0.0743,12.893,41559000.0,1
1204600000.0,0.01,0.0779499999999999,10.419,289100000.0,0
1161667513.9807,0.0196,0.3262,2.7372,395780376.2074,0
471000000.0,0.0360934182590229,0.0779499999999999,10.419,729000000.0,1
5009000000.0,-0.027151127969655,0.0779499999999999,10.419,395000000.0,1
963000000.0,0.21391484942887,0.0779499999999999,10.419,461000000.0,1
70000000.0,0.1,0.0779499999999999,10.419,-15000000.0,0
73870000.0,0.068,-0.2095,-7.735,18122000.0,1
1118454499.2374,0.0094,0.1559,1.6965,258515505.8465,0
174730293.1596,0.0005,0.0458,0.6509,15283086.9456,0
104219000.0,0.207,0.1025,3.693,74905000.0,0
16280000.0,0.081,0.0779499999999999,10.419,7615000.0,1
2300889000.0,-0.033,-0.0511,18.82,6960000.0,1
2337413000.0,0.105,0.2274,4.933,322757000.0,0
302429000.0,0.077,0.0331,7.591,190090000.0,1
710187000.0,0.319,0.2051,24.32,501619000.0,0
151862000.0,0.1969999999999999,0.0871,9.671,94387000.0,1
250300000.0,0.052,0.0321,3.089,167000000.0,1
1107156000.0,0.176,0.118,15.743,359485000.0,0
3659624000.0,0.1169999999999999,0.2584,15.55,721762000.0,0
1739717000.0,0.1,0.125,15.064,269966000.0,0
595026742.0,0.275,0.2124,12.701,274257541.0,0
1107412000.0,0.018,0.0997,10.26,88332000.0,0
2022838209.9828,0.012,0.0136,7.1954,585334767.642,0
2122579000.0,0.0139999999999999,0.0254,26.431,181658000.0,0
1273831000.0,0.064,0.1073,18.895,32528000.0,0
3507800000.0,0.035,0.0431,17.544,458900000.0,0
793000000.0,0.145,0.2648,6.176,334000000.0,0
959153000.0,0.064,0.0356,25.818,379370000.0,0
4105000000.0,0.0279999999999999,0.059,18.374,108000000.0,0
38089443.0,0.221,0.0591,5.541,33708749.0,0
432249000.0,0.256,0.1279,12.337,251481000.0,0
1533377000.0,0.145,0.2083,6.316,690662000.0,0
856207000.0,0.182,0.1367,31.784,236689000.0,1
130172000.0,0.1159999999999999,0.0524,5.033,84694000.0,0
1993920000.0,-0.027,-0.0499,15.241,446317000.0,0
1263089000.0,0.0279999999999999,0.1277,10.671,76988000.0,0
5222891566.2651,0.0542,0.0604,16.7263,688468158.3477,0
3367000000.0,0.157,0.0603,21.34,769000000.0,0
1118416000.0,0.091,0.1635,7.447,89173000.0,0
434901000.0,0.051,0.0779499999999999,10.419,0.0,0
319852000.0,0.168,0.1752,5.614,42644000.0,0
648325000.0,0.086,0.0716,33.605,105782000.0,0
1152632000.0,0.138,0.1312,7.88,368860000.0,1
406004302.926,-0.0017,-0.0062,4.6954,35887263.3391,0
258529000.0,0.217,0.0725,19.649,171604000.0,0
17673508.0,0.165,0.0693,1.679,8108909.0,0
3108025000.0,-0.015,-0.161,8.924,-54604000.0,1
2101663000.0,0.055,0.0845,39.793,150965000.0,0
96974000.0,0.146,0.0671,16.936,34564000.0,0
428734000.0,0.019,0.0215,6.49,230746000.0,0
17514000.0,0.225,0.1615,14.086,6441000.0,0
634793000.0,0.139,0.0646,37.896,163106000.0,0
184221578.0,0.266,0.0885,28.216,156931485.0,0
32379000.0,0.031,0.0095,23.151,23737000.0,0
236912000.0,0.156,0.1121,25.423,67650000.0,0
1128767641.9966,0.1764,0.1332,16.4966,681571428.5714,0
12843000.0,0.0,0.0,10.419,-16341000.0,1
20036895.0,-0.031,-0.0207,2.174,4367984.0,0
4041941.0,0.074,0.0225,6.577999999999999,1812501.0,0
4132826000.0,0.002,0.0414,37.343,47133000.0,0
35392108.0,0.158,0.1291,0.862,2027273.0,0
84411224.0,0.296,0.2098,7.234,52622602.0,0
187000000.0,0.14973262032086,0.0779499999999999,10.419,58000000.0,0
31445000.0,0.021,0.035,2.319,5569000.0,0
56563944.0,0.071,0.222,0.494,6225338.0,0
115626560.0,0.315,0.1756,14.167,82227450.0,0
15057542.3783,0.0015,0.0084,3.5933,-1282636.8031,0
77272000.0,0.123,0.089,36.59,16999000.0,1
13788000.0,-0.057,-0.0245,5.287000000000001,6571000.0,0
942634000.0,0.267,0.243,3.063,-405277000.0,0
2270790000.0,0.144,0.0541,38.342,380341000.0,0
585923000.0,0.2319999999999999,0.0713,11.648,446819000.0,1
434901000.0,0.051,0.0779499999999999,10.419,52878000.0,1
434901000.0,0.051,0.0779499999999999,10.419,52878000.0,0
650234000.0,0.2789999999999999,0.1061,4.316,-436773000.0,0
82328000.0,0.2019999999999999,0.0832,11.709,13188000.0,1
1704000000.0,0.172,0.0545,18.618,701000000.0,1
434901000.0,0.051,0.0779499999999999,10.419,-10905974.0,0
1150762000.0,0.188,0.0973,9.728,704708000.0,1
915858000.0,0.095,0.1576,15.387,215972000.0,1
434901000.0,0.051,0.0779499999999999,10.419,52878000.0,0
546332000.0,0.241,0.0368,10.389,277388000.0,1
1222100000.0,0.206,0.0543,15.044,350000000.0,1
269935000.0,0.249,0.0914,12.207,99279000.0,1
1027179000.0,0.251,0.1123,20.904,360836000.0,1
4144700000.0,0.012,0.011,22.019,121800000.0,1
1562000000.0,0.296,0.2286,17.641,381000000.0,1
955828000.0,0.1939999999999999,0.068,17.804000000000002,199509000.0,1
550489000.0,0.211,0.0624,9.056,183976000.0,1
528402000.0,0.196,0.0707,13.595,199349000.0,0
1862095000.0,0.054,0.0952,11.732,388731000.0,1
4373662000.0,0.0409999999999999,0.1832,9.731,232242000.0,0
1266005000.0,0.252,0.2555,7.415,374803000.0,1
78563000.0,0.13,0.0206,5.446000000000001,26007000.0,1
914761000.0,0.161,0.0391,20.25,357570000.0,0
241952367.0,0.291,0.0878,23.117,95058155.0,1
639000000.0,0.12676056338028,0.0779499999999999,10.419,-11000000.0,0
269546000.0,0.23,0.0779,24.331,90225000.0,1
669746000.0,0.236,0.0791,10.777,210709000.0,1
1172700000.0,0.092,0.123,21.307,75600000.0,0
434901000.0,0.051,0.0779499999999999,10.419,52878000.0,0
719753000.0,0.284,0.0995,20.192,-49746000.0,1
859250000.0,0.174,0.2449,5.827000000000001,192482000.0,0
434901000.0,0.051,0.0779499999999999,10.419,52878000.0,1
2168973000.0,0.0579999999999999,0.0589,28.306,707786000.0,0
5530700000.0,0.074,0.1044,15.177,-181200000.0,1
518750000.0,-0.006,-0.0266,2.21,208911000.0,0
162344000.0,0.057,0.0115,18.738,-2755000.0,1
359521000.0,0.292,0.0739,24.55,144138000.0,1
1575796000.0,0.131,0.0979,7.499,385019000.0,1
4677949000.0,0.05,0.0908,24.072,360637000.0,1
2196600000.0,0.052,0.0548,39.698,133600000.0,1
298146000.0,0.297,0.1004,11.104,135529000.0,1
666740000.0,0.126,0.0582,15.344,142129000.0,1
4861369000.0,0.099,0.1159999999999999,29.594,507587000.0,1
497476000.0,0.254,0.0919,34.366,157727000.0,0
2208424000.0,0.08,0.0758,34.933,250269000.0,0
793299000.0,0.238,0.086,25.739,242995000.0,1
530114000.0,0.095,0.0347,14.057,122430000.0,0
275234000.0,0.158,0.1698,8.419,103289000.0,0
479802000.0,0.228,0.0941,31.285,-133732000.0,0
592450000.0,0.104,0.0861,12.933,165011000.0,1
434901000.0,0.051,0.0779499999999999,10.419,52878000.0,1
233343000.0,0.191,0.0621,7.691,82137000.0,1
347111882.4669,0.0121,0.0504,10.3071,42242331.2883,1
693065000.0,0.244,0.0482,34.404,332110000.0,0
831743000.0,0.145,0.0734,36.655,245659000.0,0
270796000.0,0.152,0.0844,26.857,80401000.0,1
1870830000.0,0.016,0.0429,30.432,63989000.0,1
291062000.0,0.223,0.0829,13.366,56654000.0,1
434901000.0,0.051,0.0779499999999999,10.419,52878000.0,1
4626500000.0,0.066,0.0939,20.012,436600000.0,0
1047557000.0,0.177,0.0642,21.959,387218000.0,1
89576000.0,0.132,0.0522,6.595,-6307000.0,1
200771000.0,0.216,0.0674,9.176,84287000.0,1
158064000.0,-0.2,-0.0602,5.91,103196000.0,0
1043000000.0,0.043,0.0587,13.559,417000000.0,1
156271000.0,0.083,0.0287,11.076,1377000.0,1
775165000.0,0.175,0.1603,19.643,123085000.0,1
434733000.0,0.299,0.0784,24.571,152568000.0,1
3802000000.0,0.095,0.1824,29.692,477000000.0,1
712877000.0,0.119,0.196,15.347,97679000.0,0
313934000.0,0.241,0.3312,5.09,54582000.0,0
2741757000.0,0.104,0.0603,39.669,437324000.0,0
601552000.0,0.063,0.0679,15.376,69217000.0,0
434901000.0,0.051,0.0779499999999999,10.419,52878000.0,1
3011773000.0,0.059,0.0949,34.076,246535000.0,0
357071000.0,0.228,0.0664,23.341,137618000.0,1
326899000.0,0.198,0.0978,8.914,107059000.0,0
745770000.0,-0.091,-0.0814,15.371,74701000.0,0
434901000.0,0.051,0.0779499999999999,10.419,52878000.0,0
2381167000.0,0.032,0.0817,17.032,651645000.0,1
3500000000.0,0.118,0.0715,34.551,632000000.0,1
219205000.0,0.245,0.1099,17.345,67853000.0,1
262774000.0,0.285,0.2238,9.05,109952000.0,1
1043429000.0,0.099,0.1665,24.098000000000003,111544000.0,0
233820000.0,0.201,0.1846,10.383,194196000.0,1
127298000.0,0.165,0.0462,15.022,51336000.0,1
226461000.0,0.149,0.0476,28.681,55823000.0,1
87224000.0,0.183,0.0522,10.636,28348000.0,1
226011000.0,0.158,0.0722,13.714,11648000.0,1
921253000.0,0.018,0.0994,1.841,26855000.0,0
274333000.0,0.24,0.0358,6.153,103508000.0,1
880969000.0,0.2,0.1956,18.048,267902000.0,0
234863000.0,0.23,0.0928,30.109,98066000.0,1
2034861000.0,0.07,0.1112,22.607,232763000.0,1
564537000.0,0.289,0.1545,24.034,209480000.0,1
365158000.0,0.195,0.0904,18.006,175000000.0,0
361343000.0,0.312,0.1097,13.773,182734000.0,1
1143519000.0,0.093,0.0764,16.28,-91420000.0,0
96850000.0,0.162,0.0899,9.422,25813000.0,1
1504230660.3774,0.0322,0.3053,22.998,528318042.4528,1
98126000.0,0.289,0.1239,11.548,36468000.0,1
571096000.0,0.216,0.087,21.055,211267000.0,0
128507000.0,0.211,0.0859,15.984000000000002,31494000.0,1
116933000.0,0.19,0.0781,17.549,29723000.0,1
88295000.0,0.226,0.0913,13.08,27581000.0,1
384302000.0,0.18,0.063,14.779000000000002,125944000.0,1
1060685000.0,0.098,0.078,32.091,221933000.0,1
100909000.0,0.221,0.0386,11.01,22301000.0,1
280230000.0,0.146,0.2013,10.222,68918000.0,0
132410000.0,0.2189999999999999,0.0536,31.783,35588000.0,0
37947000.0,0.198,0.0533,10.419,40585000.0,0
176582000.0,0.216,0.0732,20.836,53664000.0,1
171255000.0,0.291,0.1098,14.304,25467000.0,1
369189000.0,0.067,0.0995,6.1610000000000005,136788000.0,0
1337096000.0,0.136,0.1457,22.818,237332000.0,0
156670000.0,0.261,0.1179,20.749,2648000.0,1
125423000.0,0.248,0.0819999999999999,10.009,45629000.0,1
510981000.0,0.3,0.0969,23.637,193037000.0,1
586547742.0,0.025,0.0349,15.451,44514437.0,0
156259000.0,0.283,0.1123,4.146,54995000.0,0
71140000.0,0.324,0.0986,11.265,35808000.0,1
48835000.0,0.17,0.0763,10.419,13675000.0,0
414466000.0,0.179,0.0766,41.215,118647000.0,1
2320114000.0,0.0279999999999999,0.0765,29.96,37991000.0,1
154995000.0,0.168,0.0624,18.41,27417000.0,1
178141000.0,0.241,0.1037,30.577,67433000.0,1
207074000.0,0.186,0.1058,14.092,-5596000.0,1
44833150.0,0.159,0.0527,12.534,10206801.0,1
0.0,0.051,-0.02,12.292,-20189000.0,0
234483000.0,0.248,0.0945,23.41,72351000.0,0
116373000.0,0.179,0.049,19.892,56034000.0,0
83545407.0,0.166,0.1038,18.18,25599915.0,1
103606000.0,0.055,0.0182,11.353,21946000.0,1
246293000.0,0.244,0.0828,20.148,75840000.0,1
135782000.0,0.178,0.0645,19.68,47820000.0,1
190998000.0,0.212,0.0712,15.821,71432000.0,1
185944000.0,0.288,0.0874,23.844,59508000.0,1
246768629.4801,0.0471,0.2413,5.3605,95195011.4627,1
42946000.0,0.057,0.0216,2.983,8802000.0,1
109187000.0,0.153,0.0491,27.917,31495000.0,0
71962000.0,0.14,0.1094,10.419,-261508000.0,0
439003000.0,0.102,0.065,24.103,130393000.0,1
358366000.0,0.209,0.0869,19.764,87811000.0,1
82214000.0,0.2239999999999999,0.0416,19.376,25189000.0,1
941894000.0,0.063,0.0723,32.397,151291000.0,1
356270000.0,0.256,0.0925,24.334,122104000.0,1
99369000.0,0.171,0.0746,13.222,19680000.0,1
74027000.0,0.099,0.0969999999999999,7.955,13716000.0,1
69887000.0,0.148,0.0274,20.243,23760000.0,1
255327000.0,0.2739999999999999,0.0888,26.947,94808000.0,0
434901000.0,0.051,0.0779499999999999,10.419,52878000.0,1
25439000.0,0.067,0.023,13.297,8441000.0,1
266108000.0,0.235,0.3432,16.616,88729000.0,0
26413000.0,0.1939999999999999,0.0459,11.973,2233000.0,1
124725000.0,0.102,0.0283,13.478,-2216000.0,1
200692000.0,0.185,0.1932,15.939,63144000.0,1
65187000.0,0.191,0.0728,6.978,19384000.0,1
285326000.0,0.078,0.0736,20.421,-348636000.0,1
163838000.0,0.27,0.0969999999999999,15.387,57376000.0,1
255582000.0,0.2339999999999999,0.0934,26.801,90305000.0,1
1407119000.0,0.119,0.2383,15.2,186013000.0,1
54240000.0,0.141,0.0822,15.038,14886000.0,1
185752000.0,0.326,0.1152,20.177,82311000.0,0
79456000.0,0.275,0.1136,34.618,22387000.0,1
29623000.0,0.21,0.075,4.914,9002000.0,0
67328000.0,0.125,0.0844,6.43,9355000.0,1
98407000.0,0.25,0.1002,21.931,29886000.0,1
53202000.0,0.156,0.0887,10.06,10495000.0,1
230225000.0,-0.026,-0.0231,5.159,97934000.0,0
599263399.0,0.178,0.3469,28.259,245963584.0,0
123312000.0,0.282,0.134,11.778,39886000.0,1
773500000.0,0.13,0.1466,21.81,171900000.0,1
172274000.0,0.307,0.1355,25.375,53354000.0,1
115167000.0,0.156,0.072,10.908,13071000.0,1
369276000.0,0.198,0.3651,5.955,123346000.0,1
84164000.0,0.241,0.0341,12.119000000000002,25710000.0,1
111335000.0,0.251,0.105,20.12,35229000.0,1
68966000.0,0.2689999999999999,0.0961,23.082,23264000.0,1
276824000.0,0.215,0.0837,22.567,124683000.0,1
39783183.0,0.157,0.0687,18.113,7057258.0,1
232269000.0,0.2239999999999999,0.1066,33.064,77597000.0,1
47291000.0,0.19,0.0683,10.419,13670000.0,1
60956000.0,0.172,0.0735,4.216,16618000.0,1
143545000.0,0.235,0.0857,29.806,57844000.0,1
186923958.6697,0.0672,0.0779499999999999,10.419,69665482.7252,1
275407000.0,0.267,0.0644,18.946,101674000.0,1
31728285.4375,-0.0228,0.0779499999999999,10.419,-36654988.6987,1
67806000.0,0.225,0.0815,13.362,29336000.0,1
100213000.0,0.242,0.0869,14.957,30065000.0,1
47061000.0,0.154,0.0698,4.948,19600000.0,1
30926000.0,0.175,0.0522,14.252,-87598000.0,1
204719000.0,0.072,0.083,14.04,85847000.0,1
33953000.0,0.181,0.0432,7.838999999999999,12347000.0,1
40959000.0,0.251,0.1746,14.406,-31343000.0,1
56290000.0,0.196,0.0871,17.607,12010000.0,1
77116000.0,-0.075,-0.0598,10.098,-23030000.0,1
86202000.0,0.208,0.0931,9.381,17665000.0,1
135446000.0,0.327,0.0962,12.475,47263000.0,1
32549000.0,0.1369999999999999,0.0345,23.164,9170000.0,0
69222000.0,0.163,0.0938,28.071,17777000.0,1
29112000.0,0.149,0.0447,21.522,1980000.0,1
51046000.0,0.133,0.0742,12.222,4496000.0,0
49738000.0,0.294,0.0999,16.456,15531000.0,1
40062000.0,0.132,0.0404,11.935,17157000.0,1
8534000.0,-0.114,-0.0277,2.269,-15189000.0,0
50051492.0,0.106,0.1316,5.557,17332972.0,1
74680000.0,0.259,0.1112,13.569,32669000.0,0
113241000.0,0.241,0.2477,14.643,26523000.0,0
158517000.0,0.2019999999999999,0.0756,14.979,68111000.0,1
37472000.0,0.264,0.0907,16.775,13342000.0,1
7649389.0,0.0,0.0,-3.467,2422570.0,0
120676000.0,0.204,0.0725,19.09,41689000.0,1
52302000.0,0.2789999999999999,0.1074,18.821,18738000.0,0
25513000.0,0.105,0.0329,10.419,-1173000.0,1
34448000.0,0.1639999999999999,0.0707,11.748,8623000.0,1
192665000.0,0.301,0.0952,20.418,78103000.0,1
58314000.0,0.242,0.0651,23.49,14094000.0,1
13935000.0,0.128,0.0138,13.56,3676000.0,1
152433000.0,0.1889999999999999,0.0515,26.841,26705000.0,1
47880000.0,0.262,0.0902,14.371,18523000.0,1
125272000.0,0.074,0.034,15.640999999999998,25151000.0,0
31918000.0,0.186,0.0554,16.394000000000002,3442000.0,1
78732000.0,0.251,0.0988,16.971,18857000.0,1
21029000.0,0.143,0.0051,23.009,-58642000.0,1
45206000.0,0.188,0.0508,14.229,14468000.0,1
35046000.0,0.305,0.0589,12.302,18585000.0,1
981135000.0,0.009,0.0167,38.785,78315000.0,0
33741000.0,0.1639999999999999,0.0553,7.688,14080000.0,1
87562000.0,0.267,0.1163,13.886,30641000.0,1
274692000.0,0.233,0.1049,19.672,76922000.0,0
73416000.0,0.187,0.0786,15.031,25811000.0,1
15866000.0,0.159,0.0679,1.281,1309000.0,1
72343000.0,0.113,0.061,28.535,18443000.0,1
434901000.0,0.051,0.0779499999999999,10.419,52878000.0,1
333755000.0,0.188,0.0692,36.141,-12002000.0,1
19393472.0,0.088,0.0328,18.858,1688083.0,1
80313000.0,-0.021,-0.006,16.961,23649000.0,0
12342000.0,0.081,0.0195,8.036,4028000.0,1
124266000.0,0.2239999999999999,0.1134,18.094,37678000.0,0
478816000.0,0.072,0.2718,5.995,54800000.0,1
35331000.0,-0.023,0.003,6.202999999999999,8776000.0,1
27022000.0,0.266,0.1124,15.586,7459000.0,0
52501000.0,0.243,0.0733,22.089,16598000.0,1
81045000.0,0.152,0.0999,36.312,34177000.0,1
434901000.0,0.051,0.0779499999999999,10.419,52878000.0,1
47473000.0,0.106,0.036,11.135,13179000.0,1
36501000.0,0.172,0.0557,24.86,10633000.0,1
421936000.0,0.259,0.2083,20.725,63840000.0,0
25336000.0,0.294,0.0983,20.805,10531000.0,1
40486000.0,0.1989999999999999,0.0936,21.035,11681000.0,1
404019000.0,0.133,0.1201,23.971,140684000.0,1
8660165.0,-0.143,0.0779499999999999,10.419,-3646868.0,1
19171000.0,0.055,0.0193,10.511,7836000.0,1
84267000.0,0.174,0.0878,16.499000000000002,13140000.0,0
25993000.0,0.185,0.0871,14.784,6674000.0,0
33767000.0,0.129,0.05,11.261,16920000.0,1
38730000.0,0.249,0.0842,12.369000000000002,19163000.0,1
49759000.0,0.18,0.0726,6.712000000000001,12252000.0,1
337366000.0,0.04,0.0533,13.207,33684000.0,0
434901000.0,0.051,0.0779499999999999,10.419,52878000.0,1
83695885.0,-0.086,-0.1109,2.954,1172136.0,1
16988000.0,0.042,0.0093,12.035,-33000.0,1
51358000.0,0.206,0.0863,17.647000000000002,25602000.0,1
434901000.0,0.051,0.0779499999999999,10.419,52878000.0,1
34645000.0,0.165,0.0798,16.663,4734000.0,1
44099000.0,0.2239999999999999,0.0785,13.52,15940000.0,1
22430000.0,0.1159999999999999,0.0508,10.983,7734000.0,1
40143000.0,0.204,0.0954,20.49,11021000.0,1
25181000.0,0.259,0.1067,7.275,11385000.0,1
54997000.0,0.257,0.1026,17.335,11874000.0,1
209000000.0,0.0047846889952153,0.0779499999999999,10.419,52878000.0,1
53367000.0,0.182,0.0896,26.651,11040000.0,1
31063000.0,0.165,0.0687,11.19,12007000.0,1
24454000.0,0.095,0.0241,11.013,3399000.0,1
434901000.0,0.051,0.0779499999999999,10.419,52878000.0,1
11996000.0,0.303,0.0473,13.191,4464000.0,0
71187000.0,0.21,0.0779499999999999,10.419,16101000.0,1
25113000.0,0.186,0.0752,23.099,7152000.0,1
72963000.0,0.239,0.1059,24.303,20478000.0,1
24669000.0,0.086,0.0408,13.203,9597000.0,1
29919000.0,0.2739999999999999,0.1026,13.995,15456000.0,1
48310000.0,0.2239999999999999,0.0804,18.337,16790000.0,1
434901000.0,0.051,0.0779499999999999,10.419,52878000.0,1
46996000.0,0.2,0.0952,15.968,1917000.0,1
23436000.0,0.187,0.0579,3.948,7648000.0,1
33305000.0,0.158,0.0695,15.524,5007000.0,1
166321000.0,0.024,0.0425,5.053,4453000.0,1
45634000.0,0.225,0.0935,18.302,10815000.0,1
1100000000.0,0.012727272727273,0.0779499999999999,10.419,-120000000.0,1
434901000.0,0.051,0.0779499999999999,10.419,-2000000.0,0
21515000.0,0.203,0.0486,11.082,8983000.0,1
47480000.0,0.1159999999999999,0.0302,14.018,-7571000.0,0
47992000.0,0.059,0.0264,6.087999999999999,4962000.0,1
434901000.0,0.051,0.0779499999999999,10.419,52878000.0,0
18364000.0,0.206,0.0633,10.623,8442000.0,1
15505508.0,0.284,0.1197,6.81,2172903.0,1
19936000.0,0.171,0.0981,10.333,5625000.0,1
26529000.0,-0.032,-0.0162,13.945,15546000.0,0
45779904.0,0.106,0.0761,11.734000000000002,14766575.0,1
22699000.0,0.1889999999999999,0.0524,31.099,-2401000.0,1
434901000.0,0.051,0.0779499999999999,10.419,52878000.0,1
87244000.0,0.264,0.1224,13.122,28920000.0,1
9936000.0,0.006,0.0139,11.995,1055000.0,1
434901000.0,0.051,0.0779499999999999,10.419,52878000.0,1
35601562.0,0.209,0.091,16.808,9690398.0,1
60929000.0,-0.118,-0.157,16.532,6305000.0,0
55750000.0,-0.046,-0.0536,32.16,4114000.0,0
300256000.0,0.098,0.2319,5.082,135827000.0,0
48913000.0,0.237,0.0994,19.432,15345000.0,1
32061000.0,0.196,0.1052,8.231,6439000.0,1
56935000.0,0.3,0.0907,15.323,22281000.0,1
434901000.0,0.051,0.0779499999999999,10.419,52878000.0,0
0.0,0.051,0.0779499999999999,10.419,0.0,1
20652000.0,0.19,0.0837,27.08,5525000.0,0
434901000.0,0.051,0.0779499999999999,10.419,52878000.0,1
434901000.0,0.051,0.0779499999999999,10.419,52878000.0,0
22001000.0,0.254,0.0979,20.843000000000004,6909000.0,1
28221000.0,0.225,0.088,19.898,7898000.0,1
434901000.0,0.051,0.0779499999999999,10.419,52878000.0,1
47315000.0,0.284,0.2611,3.12,8512000.0,0
9262000.0,0.071,0.0311,10.419,-182000.0,1
30373000.0,0.149,0.069,20.347,-4027000.0,1
27739000.0,0.188,0.0619,41.02,8128000.0,1
46963000.0,0.064,0.0513,17.517,3887000.0,1
33973000.0,0.104,0.0472,12.456,8563000.0,1
22760128.0,0.238,0.0941,14.296,9499989.0,1
13635437.0,0.14,0.0566,12.253,2519211.0,1
56849562.0,0.174,0.064,21.666,27900195.0,1
13009000.0,0.211,0.0641,19.113,-2398000.0,1
33684000.0,0.168,0.0971,17.004,17344000.0,0
34526000.0,0.222,0.2049,4.259,9413000.0,1
48203000.0,0.159,0.095,13.158,13554000.0,1
530348000.0,0.031,0.0544,17.153,27331000.0,1
18379000.0,0.1889999999999999,0.0424,18.539,6499000.0,1
434901000.0,0.051,0.0779499999999999,10.419,52878000.0,0
182506000.0,0.073,0.1007,6.172999999999999,6444000.0,0
52814000.0,0.051,0.0779499999999999,10.419,56000000.0,1
11296000.0,0.171,0.0288,7.883999999999999,2487000.0,1
39135000.0,0.206,0.1123,17.682000000000002,8673000.0,1
16544000.0,0.191,0.0441,12.061,4347000.0,1
4427000.0,-0.039,0.0779499999999999,10.419,863000.0,1
16120000.0,0.036,0.0125,7.898,5564000.0,1
27867000.0,0.192,0.0964,16.909000000000002,8670000.0,1
9694000.0,0.102,0.0243,8.26,3095000.0,1
48097000.0,0.036,0.019,13.843,24421000.0,0
36056000.0,0.075,0.024,10.771,-5539000.0,1
434901000.0,0.051,0.0779499999999999,10.419,52878000.0,1
82629000.0,0.2019999999999999,0.1177,11.617,21366000.0,0
64392000.0,0.118,0.1781,17.052,9833000.0,1
27990000.0,0.2739999999999999,0.0773,18.111,10531000.0,1
38484000.0,0.107,0.0465,17.846,10035000.0,1
5619070.0,0.143,0.0271,10.419,2198021.0,1
30930000.0,0.23,0.0949,9.293,7407000.0,1
19639000.0,0.135,0.0399,15.806,5027000.0,1
69041000.0,0.256,0.0715,32.691,24199000.0,0
18965000.0,0.166,0.073,11.207,12905000.0,0
36934000.0,0.251,0.1018,12.905,26530000.0,1
25669000.0,0.185,0.1298,7.611000000000001,5345000.0,1
65778000.0,0.1,0.0453,15.086,48517000.0,1
21694000.0,0.18,0.0895,14.183,-20788000.0,1
69472000.0,0.069,0.1123,5.593999999999999,20351000.0,0
434901000.0,0.051,0.0779499999999999,10.419,52878000.0,1
22505000.0,0.188,0.0837,20.152,6803000.0,1
18013183.0,0.161,0.0846,13.476,4414361.0,1
225047149.0,0.037,0.0846,5.772,-12463558.0,1
434901000.0,0.051,0.0779499999999999,10.419,52878000.0,1
26676000.0,0.021,0.0347,8.325,1340000.0,1
434901000.0,0.051,0.0779499999999999,10.419,52878000.0,1
29245000.0,0.2019999999999999,0.0641,11.275,10385000.0,1
16720000.0,0.159,0.0656,7.515,4182000.0,1
21770000.0,0.198,0.0636,20.124,4835000.0,1
30470240.0,0.0279999999999999,0.0118,13.438,2468186.0,0
31261000.0,0.246,0.1496,11.536,2204000.0,1
34241000.0,0.187,0.0914,8.115,11717000.0,1
3363639.0,0.134,0.0303,10.419,1102488.0,1
16439000.0,0.108,0.036,21.517,3114000.0,1
5068000.0,0.182,0.0289,15.447,3264000.0,1
3738145000.0,0.038,0.1469,11.475,358149000.0,1
1900000000.0,0.092,0.0785,21.149,391000000.0,0
779903000.0,0.299,0.1409,9.359,363788000.0,1
4940916000.0,0.059,0.0939,31.619,732813000.0,1
2121707000.0,0.067,0.0948,32.015,346423000.0,0
434901000.0,0.11,0.0779499999999999,0.0,0.0,0
3343876455.1258,0.0263,0.107,8.1081,419508073.6012,0
1393570000.0,0.094,0.0967,30.497,315317000.0,0
3239542000.0,0.052,0.095,17.56,325420000.0,0
886996000.0,0.109,0.1041,14.068,161332000.0,0
597499000.0,0.095,0.0905,13.112,128133000.0,0
1435853000.0,0.081,0.0675,21.613000000000003,414876000.0,1
1472562000.0,0.13,0.1294,24.073,267268000.0,1
465791000.0,0.131,0.1205,13.11,163270000.0,1
917525000.0,0.1,0.0929,24.489,243340000.0,0
498834000.0,0.072,0.1202,20.639,73708000.0,1
1818906000.0,0.06,0.0612,34.261,246663000.0,1
362693000.0,-0.087,-0.018,17.516,43608000.0,0
1204863000.0,0.1,0.0817,36.801,250039000.0,0
754037000.0,0.078,0.0765,28.248,215657000.0,1
359000000.0,0.008,0.0566,29.305,182000000.0,0
322876000.0,0.0,-0.0062,1.443,5874000.0,1
1282524000.0,0.151,0.0991,38.962,364343000.0,1
810339070.5680001,0.0602,0.0498,6.3373,165848537.0052,1
1136800000.0,0.11,0.0775,37.515,269800000.0,0
559524000.0,0.0969999999999999,0.0699,17.028,213235000.0,1
799262000.0,0.072,0.1008,15.686,112474000.0,0
1924000000.0,0.052,0.0408,15.782,691000000.0,0
319668000.0,0.162,0.1438,17.805,65911000.0,0
425800000.0,0.0579999999999999,0.0904,19.79,84000000.0,1
65559078.0,0.096,0.0444,9.603,18184861.0,1
2023114.0,-0.154,-0.0034,3.787,51744.0,1
619852000.0,0.13,0.1651,14.035,128762000.0,1
45900000.0,0.25,0.1098,8.163,18766000.0,1
434901000.0,0.051,0.0779499999999999,10.419,52878000.0,1
117139000.0,0.156,0.0935,12.291,32571000.0,1
72465000.0,0.131,0.0757,14.138,18469000.0,1
50000000.0,0.04,0.0779499999999999,10.419,6000000.0,1
75016134.0,0.063,0.0905,7.355,6839738.0,1
3042123000.0,-0.024,-0.0958,1.13,304804000.0,0
150929000.0,0.038,0.0764,1.489,22337000.0,1
412377723.9709,0.1247,0.0804,7.6671,163944309.9274,1
1065100000.0,0.155,0.0693,12.241,421300000.0,1
2493282000.0,0.047,0.0644,12.37,297037000.0,0
2960627000.0,0.081,0.3342,13.171,265106000.0,1
2393500000.0,0.073,0.1511,27.185,233100000.0,1
52937000.0,0.078,0.0538,2.712,291000.0,1
1329000000.0,-0.017,-0.0245,12.173,385000000.0,1
272096571.0,0.144,0.3751,1.597,51282333.0,1
3944540000.0,0.038,0.1713,25.262,144980000.0,1
2474433000.0,0.061,0.1206,26.255,193621000.0,0
1325717000.0,0.016,0.031,8.548,129810000.0,0
469103000.0,0.022,0.0602,6.435,30359000.0,0
2797061000.0,0.0289999999999999,0.063,24.088,135440000.0,0
162259000.0,-0.152,-0.1159,2.157,464000.0,0
1976500000.0,0.115,0.1268,11.195,245900000.0,1
130449000.0,0.033,0.0372,8.039,8530000.0,1
83499000.0,-0.017,-0.01,4.261,3497000.0,0
730027000.0,0.095,0.1501,9.834,104874000.0,1
4121000000.0,0.027,0.2997,7.692,183000000.0,0
396933000.0,0.087,0.0919,14.323,48919000.0,1
464392476.5902,-0.0195,-0.1582,5.3064,52529060.381000005,1
2913634000.0,0.0279999999999999,0.1019,28.325,47722000.0,0
21259990.0,0.2769999999999999,0.3425,1.176,-2714719.0,0
5631300000.0,0.019,0.0776,7.819,196300000.0,0
3359400000.0,0.0969999999999999,0.1688,32.638000000000005,391500000.0,0
677854000.0,0.135,0.2149,12.217,66550000.0,1
1572631015.0145,0.0111,0.2068,18.4162,30201413.949,1
159487000.0,-0.147,-0.1681,2.76,-10984000.0,0
127947000.0,0.021,0.0132,6.316,16788000.0,1
108687000.0,-0.086,-0.1031,2.483,7199000.0,1
27206000.0,-0.01,-0.0586,0.745,2706000.0,0
19684000.0,0.021,0.0599,0.648,-607000.0,0
364768000.0,0.081,0.1385,7.491,35735000.0,1
88315000.0,-0.191,0.0779499999999999,10.419,-967000.0,0
2378249000.0,0.037,0.1116,23.121,88432000.0,0
1773981000.0,0.027,0.0409999999999999,30.981,126925000.0,1
223486115.5957,-0.0008,-0.0082,0.3342,45267355.5053,0
119297000.0,-0.1639999999999999,-0.1544,3.535,21207000.0,0
50347000.0,0.081,0.0729,0.971,13317000.0,1
75622000.0,0.193,0.145,14.022,20684000.0,0
1327523000.0,0.044,0.0878,15.448,94264000.0,1
41796000.0,0.0819999999999999,0.1001,3.295,5129000.0,1
5316229000.0,0.0139999999999999,0.1049,17.564,110319000.0,1
76840000.0,-0.1669999999999999,-0.067,8.389,-14303000.0,0
102999000.0,0.0969999999999999,0.0642,5.24,23195000.0,1
182127000.0,0.1669999999999999,0.3355,4.325,37731000.0,0
182571852.0,0.091,0.0805,25.051,45619729.0,0
11460880.0,0.264,0.196,0.954,5306154.0,1
423756000.0,0.017,0.0708,2.222,50012000.0,0
2394000000.0,0.091,0.1525,38.472,287900000.0,0
772800000.0,0.124,0.2452,9.982,72400000.0,0
55514000.0,0.087,0.0432,3.689,1001000.0,1
1442604000.0,0.088,0.062,12.154000000000002,-70637000.0,0
100163000.0,0.184,0.1141,5.263999999999999,28666000.0,0
47671000.0,-0.181,0.1675,-5.877000000000001,475000.0,1
741530000.0,0.033,0.0975,8.66,39306000.0,0
562329000.0,0.0579999999999999,0.1031,20.0,63473000.0,0
46483000.0,-0.032,-0.0397,5.693,827000.0,0
68228000.0,0.021,0.0245,1.76,3274000.0,1
723644098.9328,0.0004,0.3367,10.419,155968110.6899,0
170690000.0,0.061,0.0619,6.087999999999999,34256000.0,0
172591000.0,0.0,0.0004,7.558,10370000.0,0
106203000.0,0.038,0.0262,4.721,18217000.0,0
2463339000.0,0.017,0.1206,13.488,35398000.0,0
146508710.0,0.044,0.1788,3.176,8877344.0,1
12309000.0,0.143,0.0656,1.07,5762000.0,0
120047012.1779,0.0112,0.0907,5.1222,25126876.239,0
531120000.0,0.001,0.0007,21.937,43442000.0,1
88313000.0,0.038,0.0508,2.158,5953000.0,0
1057536000.0,0.033,0.1324,16.802,-8223000.0,1
456692000.0,0.051,0.076,9.613,34033000.0,0
543817000.0,0.062,0.0758,11.497,69871000.0,1
59612000.0,0.0409999999999999,0.0387,6.989,5061000.0,0
249682000.0,0.0559999999999999,0.2477,6.117999999999999,20186000.0,1
68592000.0,0.047,0.0482,8.918,-4462000.0,0
330174000.0,0.047,0.1102,8.193999999999999,43763000.0,0
254989000.0,0.018,0.1136,2.6830000000000003,-7619000.0,0
21924000.0,0.05,0.0792,1.7719999999999998,739000.0,0
186176000.0,-0.083,-0.118,13.229,-14834000.0,0
393268000.0,0.026,0.0933,7.338999999999999,7465000.0,0
36262000.0,0.002,0.003,5.437,3860000.0,1
250028000.0,0.012,0.0154,14.515,23254000.0,0
77829000.0,0.017,0.0175,2.775,-8094000.0,0
107164000.0,0.043,0.0399,6.361000000000001,7976000.0,0
157450000.0,0.092,0.0814,3.86,21561000.0,1
487000000.0,0.018480492813142,0.0779499999999999,10.419,22000000.0,0
7041000.0,0.155,0.0949,3.3960000000000004,263000.0,0
29680000.0,0.1889999999999999,0.1647,2.925,-400000.0,0
0.0,0.051,-0.1471,5.68,-29124000.0,0
217863000.0,-0.017,-0.0525,4.484,6261000.0,1
23636000.0,0.031,0.0707,1.269,3386000.0,1
137960000.0,-0.004,-0.0029,12.343,4613000.0,0
82991000.0,-0.042,-0.0364,5.334,1458000.0,0
102073000.0,0.043,0.0314,9.471,1597000.0,0
1166979000.0,0.032,0.0753,23.809,63122000.0,1
451327000.0,0.002,0.0068,10.966,12291000.0,0
29129000.0,-0.031,-0.0657,2.208,1615000.0,0
31305000.0,-0.0069999999999999,-0.0208,2.024,245000.0,0
67094000.0,0.034,0.1396,2.781,3158000.0,1
434901000.0,-0.018,0.0779499999999999,0.644,-1319000.0,1
164304000.0,0.094,0.0839,4.981,18194000.0,0
92191000.0,-0.003,-0.0087,4.291,95000.0,0
43230000.0,-0.053,-0.0269,19.579,-10784000.0,0
12134506.0,-0.044,-0.0561,3.209,-392376.0,0
560086600.0,0.0289999999999999,0.1415,13.949000000000002,18665400.0,0
53316210.0,-0.158,-0.2284,0.503,-2587546.0,0
98492736.0775,0.0303,0.0242,2.1937,5858353.5109,0
100601000.0,0.103,0.1116,3.349,18311000.0,1
92108000.0,0.052,0.0279999999999999,13.355,21215000.0,0
43924000.0,-0.023,-0.0161,4.454,3204000.0,0
52724000.0,0.171,0.1399,18.674,12373000.0,1
222485940.0,0.013,0.0527,13.958,1956831.0,1
35888692.0,0.0,-0.0002,3.935,-1436483.0,0
487076000.0,0.018,0.0384,19.224,22457000.0,0
95916000.0,0.024,0.0821,2.469,5326000.0,1
58045292.0,0.094,0.1162,3.619,11528751.0,1
57909000.0,0.0969999999999999,0.0736,8.293,6710000.0,1
23137590.0,0.043,0.0979,0.782,1281865.0,0
76045000.0,-0.037,-0.0425,3.193,-3114000.0,0
42309000.0,0.049,0.1441,0.885,1898000.0,1
71550000.0,0.0559999999999999,0.0457,10.361,3642000.0,0
636417000.0,0.127,0.2489,22.065,16673000.0,1
40750437.3858,-0.001,-0.1245,2.1918,-23327.2423,1
16932000.0,0.051,0.0779499999999999,10.419,-64392.0,1
26770000.0,0.113,0.1453,1.033,8463000.0,1
58579000.0,-0.106,-0.0482,4.667,8447000.0,0
222303000.0,0.068,0.092,25.342,16335000.0,0
59076000.0,-0.016,-0.0231,1.671,4613000.0,0
13629684.0,0.003,0.0069999999999999,2.884,1462254.0,0
305394000.0,0.025,0.0735,9.845,1458000.0,0
23013000.0,-0.123,-0.1984,5.484,-1299000.0,0
10000000.0,0.2,0.0779499999999999,10.419,1000000.0,0
1329000000.0,-0.016553799849511,0.0779499999999999,10.419,365000000.0,1
44546000.0,-0.021,-0.0463,1.376,1557000.0,0
82837000.0,0.035,0.1419,0.669,3084000.0,1
112041650.0,0.008,0.0385,8.322000000000001,1580830.0,0
82977732.0,0.008,0.0221,4.512,4384318.0,0
88623000.0,-0.07,-0.0805,3.669,9901000.0,0
174453667.0,-0.057,-0.1311,6.005,-8559423.0,0
228577000.0,-0.017,-0.1504,1.571,4995000.0,0
31646000.0,-0.099,-0.1497,8.495,1062000.0,1
5824000.0,-0.1939999999999999,-0.0719,2.83,979000.0,0
118508000.0,0.034,0.1324,4.249,7612000.0,0
49529867.0,-0.002,-0.0097,4.505,523987.0,1
153240000.0,0.085,0.3646,2.426,-1587000.0,0
340758000.0,0.017,0.1456,8.488999999999999,5745000.0,1
40337368.0,0.06,0.0721,1.645,4012331.0,0
